,Activation,# of Neurons in hidden unit 1,# of Neurons in hidden unit 2,Alpha,Learning Rate,R^2,Train Loss,Test MSE,Time Taken
0,identity,5,5,0.0001,0.1,0.3392157627193867,0.2757276937502663,1.6090244791730541,1.42845
1,identity,5,5,0.0001,0.01,-7.141690793960763,1.4376305717371491,9.548207542451507,1.18889
2,identity,5,5,0.0001,0.001,-1.3516737205754934,0.3479869791077305,3.481842728407612,3.01936
3,identity,5,5,0.001,0.1,-41.222372466387306,1.8672966557410258,43.75480795740869,0.89367
4,identity,5,5,0.001,0.01,-0.22659185132663473,0.5210984238990128,2.2993502639383747,1.73692
5,identity,5,5,0.001,0.001,0.49872537800312244,0.24038412920492855,1.570189132293362,2.68015
6,identity,5,10,0.0001,0.1,-0.7744174855539383,14.736481879590075,2.4486482667664142,0.6505
7,identity,5,10,0.0001,0.01,-180.23424252543677,20.019316611491433,187.14472751232694,0.83639
8,identity,5,10,0.0001,0.001,0.4505452042406004,0.4205340261109942,1.6323345259088533,5.46142
9,identity,5,10,0.001,0.1,0.4676946905889612,0.27744904122512565,1.295354829061942,1.55367
10,identity,5,10,0.001,0.01,-5312.050680406977,4.454931524669762,5439.220892423082,1.90924
11,identity,5,10,0.001,0.001,-0.7514271447723435,1.1314415358572172,2.7640167210987987,3.1388
12,identity,5,20,0.0001,0.1,0.4385082186286603,0.2983110636276561,1.4140631065659763,1.21615
13,identity,5,20,0.0001,0.01,0.37211162484872196,0.6327575143232665,1.5115239101374771,0.60018
14,identity,5,20,0.0001,0.001,0.22140043866972814,0.40955835926313816,1.8860163607746772,3.58726
15,identity,5,20,0.001,0.1,-1.0308683045892733,1.1168635061166223,2.50669262990298,0.71189
16,identity,5,20,0.001,0.01,0.3271702735968023,0.32232739802326416,1.5186943853935817,1.02108
17,identity,5,20,0.001,0.001,0.32497467835566374,0.5094494290764275,1.7697984957126338,3.35243
18,identity,5,50,0.0001,0.1,0.5125844120510717,0.3006108331275281,1.5233180093024963,3.64862
19,identity,5,50,0.0001,0.01,-0.0046424799313598,0.41638286603184727,1.3457214336016163,2.31953
20,identity,5,50,0.0001,0.001,0.43074375526681985,7.485174172017039,1.4991998689173098,4.4227
21,identity,5,50,0.001,0.1,0.4442764782814711,9.900250641998102,1.3469596455190238,1.9702
22,identity,5,50,0.001,0.01,0.12742453650578967,2.8753635763819343,1.3216703214547108,1.82609
23,identity,5,50,0.001,0.001,-0.99595898331362,0.8084097080304422,3.116418809953292,4.26626
24,identity,10,5,0.0001,0.1,-1.3810758632541127,0.8462144735304399,3.5090075129514657,1.65887
25,identity,10,5,0.0001,0.01,-0.8337493132767717,7.766594608695232,3.017070420789709,1.45863
26,identity,10,5,0.0001,0.001,0.45136996467702417,0.3056376102732802,1.648707072961666,3.37221
27,identity,10,5,0.001,0.1,0.44388257340013837,0.25385101482806094,1.5810813764598866,1.75068
28,identity,10,5,0.001,0.01,-27.025140716066296,3.131934604241793,29.923681407159098,1.21534
29,identity,10,5,0.001,0.001,0.39597319077528725,0.30192948453803437,1.7139304178066148,2.72599
30,identity,10,10,0.0001,0.1,0.1615470864647347,0.4315319371474518,1.057520315253459,0.87898
31,identity,10,10,0.0001,0.01,0.301413600879576,0.7380135181154964,1.1661239770272969,0.57638
32,identity,10,10,0.0001,0.001,-0.7172050264236798,0.5342889124369894,2.8520241618423023,2.7287
33,identity,10,10,0.001,0.1,0.23627176407182182,0.28887483050198665,1.798753620749199,1.92341
34,identity,10,10,0.001,0.01,0.1623007387219998,0.8778631347416203,1.9029358530233313,1.45315
35,identity,10,10,0.001,0.001,0.276434782819556,0.46346470812619195,1.8115899153028763,3.35089
36,identity,10,20,0.0001,0.1,-2.7915750633107055,7.722939902768626,4.370149065983721,1.3819
37,identity,10,20,0.0001,0.01,0.03705389149857652,0.9867030658092422,1.9445282565781257,0.83416
38,identity,10,20,0.0001,0.001,-4.094615514312344,1.1056292748519094,6.265442695227244,2.66464
39,identity,10,20,0.001,0.1,0.49690496296028164,0.2940065341101871,1.534274060850307,2.0764
40,identity,10,20,0.001,0.01,-1.4587206638885815,0.7176459598561713,3.0520956965375734,0.7528
41,identity,10,20,0.001,0.001,0.13156400653526568,0.771989878037065,1.8502064979299404,2.88854
42,identity,10,50,0.0001,0.1,-3.5012893719456466,0.9349528617518545,5.374396739880808,3.07394
43,identity,10,50,0.0001,0.01,-83.38148481704874,2.0271894029250683,87.82753153241653,1.91395
44,identity,10,50,0.0001,0.001,0.44218597523532654,0.2469984605662226,1.632961194948698,3.18657
45,identity,10,50,0.001,0.1,-408.0732543389321,67.57090573123679,420.6554724614968,0.98616
46,identity,10,50,0.001,0.01,-234.7939892537755,69.2830699424288,241.17844487587672,1.58079
47,identity,10,50,0.001,0.001,0.46150770683834186,0.269359972119601,1.5103334140192755,3.72433
48,identity,20,5,0.0001,0.1,-0.09665451547303494,0.6326796305116564,2.038552058498204,1.95565
49,identity,20,5,0.0001,0.01,-12.387237156827164,4.9780187939377525,14.821564913924016,1.25409
50,identity,20,5,0.0001,0.001,0.4376168066821323,0.31570397986936716,1.6120552459217201,1.9508
51,identity,20,5,0.001,0.1,-3.664016529026907,7.3848328574341435,5.761701589057755,1.32814
52,identity,20,5,0.001,0.01,0.20420691415076042,0.5626007921491111,1.8806335481584104,1.50442
53,identity,20,5,0.001,0.001,0.3478695576525569,0.3876775049762528,1.6295708327431646,1.51354
54,identity,20,10,0.0001,0.1,-2.300936278751026,1.2058949180887313,3.917667310973163,0.83288
55,identity,20,10,0.0001,0.01,-1.2330045644444843,0.9097674755232569,3.238817830330976,1.38382
56,identity,20,10,0.0001,0.001,-0.011743069033877118,8.955158010078463,2.042215743314972,1.91456
57,identity,20,10,0.001,0.1,0.125722466199938,0.9955899085382026,1.2421172224086103,0.99575
58,identity,20,10,0.001,0.01,-21.20117814694175,4.062091644685166,23.554154192758315,0.62
59,identity,20,10,0.001,0.001,0.40693757527711893,0.3617401729158169,1.6347244257228903,1.2404
60,identity,20,20,0.0001,0.1,-2.2123690837973733,3.534757535142536,4.392989832840614,0.98796
61,identity,20,20,0.0001,0.01,-7.579105041523933,12.13400605085172,9.815700258904895,0.86453
62,identity,20,20,0.0001,0.001,0.4845286442043344,0.342532413814359,1.487771300971793,2.43895
63,identity,20,20,0.001,0.1,0.3886666075363232,0.3588909124230247,1.1751975768171272,1.61304
64,identity,20,20,0.001,0.01,0.07329263578272793,0.41343066808407813,2.0109148012573685,1.14999
65,identity,20,20,0.001,0.001,0.04213322274433495,5.062130181549158,2.086183983348909,0.68278
66,identity,20,50,0.0001,0.1,-291.47714198977127,104.05102281735694,298.651353081544,1.42007
67,identity,20,50,0.0001,0.01,-2.632596908568514,20.517188592543828,4.596715079999812,2.03991
68,identity,20,50,0.0001,0.001,-0.23835983703736652,0.4518527923697895,2.178375711503218,3.72183
69,identity,20,50,0.001,0.1,0.36494680189151785,0.3381130584643456,1.1525578955568565,4.23423
70,identity,20,50,0.001,0.01,0.2769384152433171,36.714065259068846,1.4124026212768266,2.09419
71,identity,20,50,0.001,0.001,-14.095714000781111,0.5743743239251041,16.18816145909309,4.47765
72,identity,50,5,0.0001,0.1,0.476531497208987,0.25078178331426393,1.5427205257756984,1.95155
73,identity,50,5,0.0001,0.01,-1.585860452164602,1.2674235588822624,3.704952011139234,0.48465
74,identity,50,5,0.0001,0.001,-0.7989150744002207,3.2851666032836366,2.8501963353785644,2.42454
75,identity,50,5,0.001,0.1,-3.3506025113140163,6.282957151913975,5.275390652717031,0.94658
76,identity,50,5,0.001,0.01,-115.18613784235129,17.282063155519594,119.10239086713518,0.74666
77,identity,50,5,0.001,0.001,-0.9702592620518664,12.613161646006217,3.1801569831255465,2.08067
78,identity,50,10,0.0001,0.1,0.357757135972128,0.2623852888174169,1.6218349045903693,1.78744
79,identity,50,10,0.0001,0.01,-9.356101195403607,15.285969508324422,11.177338115071382,1.03461
80,identity,50,10,0.0001,0.001,0.4417122435653241,0.27716292713206003,1.6190787950275476,1.91191
81,identity,50,10,0.001,0.1,-2.3498431909485653,6.458587052088769,4.069752488067123,2.61542
82,identity,50,10,0.001,0.01,-1.2773756815296164,0.5322519725725887,3.36162772179185,0.90726
83,identity,50,10,0.001,0.001,0.26863918480358295,0.9470671561155692,1.7770105835498484,0.97202
84,identity,50,20,0.0001,0.1,-15.097449865023265,15.525305235927599,17.175118474953102,1.55567
85,identity,50,20,0.0001,0.01,-43.92291169475774,24.856478741318853,46.626988647061616,1.87014
86,identity,50,20,0.0001,0.001,0.0763492266723057,0.4076089942231299,1.884815921725271,1.96215
87,identity,50,20,0.001,0.1,0.193745828721969,0.7998446217056436,1.512264110736788,1.98833
88,identity,50,20,0.001,0.01,-8.07343035354518,119.17761207653533,10.200953734280372,1.07208
89,identity,50,20,0.001,0.001,0.12421450168976866,0.56072831490448,1.8852016700775254,1.7323
90,identity,50,50,0.0001,0.1,-1.5797335216454798,1.450774339872126,3.3683626885481233,2.33339
91,identity,50,50,0.0001,0.01,0.18833817911006956,0.3614687778881765,1.809718756066835,2.83547
92,identity,50,50,0.0001,0.001,-26.663912850083644,1.5405639346313205,28.939807290720776,2.77646
93,identity,50,50,0.001,0.1,-0.5637331539986008,12.36327685756293,2.473133263756347,4.00621
94,identity,50,50,0.001,0.01,0.48390003612479204,0.324540391832909,1.4922028429236358,2.81735
95,identity,50,50,0.001,0.001,0.041097135509908234,2.0023993057999525,1.7301236925027526,1.59118
96,logistic,5,5,0.0001,0.1,-0.016602887612494177,0.49822539508629876,1.0398560817982843,0.48248
97,logistic,5,5,0.0001,0.01,-0.0017257123152851772,0.4975135362218788,1.0246386145089272,0.85967
98,logistic,5,5,0.0001,0.001,-0.001197994728116436,0.4970146950195538,1.0241274979812693,0.40545
99,logistic,5,5,0.001,0.1,-3.687575491162498e-05,0.49820699715829153,1.0229111508223558,0.41922
100,logistic,5,5,0.001,0.01,-0.0012932793200317594,0.49740666225164337,1.0242091774132138,0.40392
101,logistic,5,5,0.001,0.001,-0.0006914501955903596,0.4967754906696998,1.0244317413682604,0.50003
102,logistic,5,10,0.0001,0.1,-0.00693042638517527,0.49854906877271565,1.0299623782137246,0.75282
103,logistic,5,10,0.0001,0.01,-0.0024287279505819104,0.49775990493753136,1.0253577104814164,0.89999
104,logistic,5,10,0.0001,0.001,0.6169480762492242,0.18580561110923507,1.6371154938454375,2.50237
105,logistic,5,10,0.001,0.1,-0.0014258121563301973,0.4991406478034223,1.0243318545915432,0.78605
106,logistic,5,10,0.001,0.01,-0.0003150980139616788,0.4974185175733261,1.0235413898434023,0.73917
107,logistic,5,10,0.001,0.001,0.6444450490195165,0.17247672212913376,1.6606562270071357,2.06711
108,logistic,5,20,0.0001,0.1,-0.00021389693892270856,0.49824656074773443,1.0230922187825489,0.69141
109,logistic,5,20,0.0001,0.01,-0.0027999797835231988,0.4981235889626761,1.0266822728863019,0.55826
110,logistic,5,20,0.0001,0.001,0.6058002011530279,0.18453274213138945,1.6090322570035378,2.63422
111,logistic,5,20,0.001,0.1,-0.001276342339245895,0.4976815193765811,1.024178965884953,0.68942
112,logistic,5,20,0.001,0.01,-0.0002867606928746991,0.49740940359964925,1.0231667471188766,1.45975
113,logistic,5,20,0.001,0.001,-0.0015186685681161105,0.49694372487988314,1.024542222470104,0.62469
114,logistic,5,50,0.0001,0.1,-0.005854352264852869,0.498414629085352,1.0288616905882635,1.31056
115,logistic,5,50,0.0001,0.01,-0.002167960903339372,0.49750265458888177,1.02508778024871,3.2125
116,logistic,5,50,0.0001,0.001,0.6197976991728198,0.18201229484694495,1.6916866110123863,5.66602
117,logistic,5,50,0.001,0.1,-6.929346244621826e-05,0.498262713566158,1.0229443076210272,1.33416
118,logistic,5,50,0.001,0.01,0.0009059040403062157,0.4980033504035443,1.025206573178251,1.61883
119,logistic,5,50,0.001,0.001,0.6194352971067283,0.18363517929655643,1.6326908089307062,6.93283
120,logistic,10,5,0.0001,0.1,-0.009939315762785172,0.49913705425386423,1.0330400910843198,0.93342
121,logistic,10,5,0.0001,0.01,-0.0010223125570585356,0.4974020423727419,1.0239698372396244,0.51268
122,logistic,10,5,0.0001,0.001,0.6366756623645101,0.1797114065348826,1.6609286606144475,2.21166
123,logistic,10,5,0.001,0.1,-0.014960580355692255,0.4984980874811062,1.0381762452959242,0.90149
124,logistic,10,5,0.001,0.01,-0.001925923779425576,0.49749024257444363,1.024820990475864,0.44056
125,logistic,10,5,0.001,0.001,0.6015035044993378,0.18593840005204829,1.6094038056901379,3.98826
126,logistic,10,10,0.0001,0.1,-0.0002877347991721013,0.49764080822189666,1.0231676489078676,0.70422
127,logistic,10,10,0.0001,0.01,0.45055479935130227,0.3346236646829807,1.4240948426256874,3.03496
128,logistic,10,10,0.0001,0.001,0.5712761597588788,0.18011125034528722,1.7077168754860268,2.71769
129,logistic,10,10,0.001,0.1,-1.0533243299803985e-05,0.4980657668047071,1.022884201901469,1.02808
130,logistic,10,10,0.001,0.01,0.4468464164871676,0.2529151670138532,1.4786435847442494,1.72126
131,logistic,10,10,0.001,0.001,0.6286455478240329,0.18094622258812,1.6449104955037104,2.62763
132,logistic,10,20,0.0001,0.1,-0.005418241016556413,0.49797806953955415,1.02841870875473,0.78255
133,logistic,10,20,0.0001,0.01,0.4893031779194117,0.2717965444452589,1.4627652447001507,1.85057
134,logistic,10,20,0.0001,0.001,0.6179592894889696,0.18280690145214284,1.655979935371134,3.18142
135,logistic,10,20,0.001,0.1,-0.00024603272096790363,0.49851166988869844,1.0231244849656165,0.87106
136,logistic,10,20,0.001,0.01,0.26674237934022327,0.2672549406806669,1.2467134041221015,2.39964
137,logistic,10,20,0.001,0.001,0.6339513936993929,0.17859782484211445,1.6815372266508368,2.94955
138,logistic,10,50,0.0001,0.1,-0.0013754160601759935,0.498277586010317,1.024280305754127,1.5944
139,logistic,10,50,0.0001,0.01,-0.003673833885789568,0.49741619187046654,1.0266030920153237,2.8219
140,logistic,10,50,0.0001,0.001,0.6226386519750393,0.18169174212138917,1.6433788117229602,12.67601
141,logistic,10,50,0.001,0.1,-0.003191463324238253,0.4981730398093979,1.0261379001039903,1.46257
142,logistic,10,50,0.001,0.01,0.5037391838511527,0.2549457540523748,1.5227826886180305,3.57186
143,logistic,10,50,0.001,0.001,0.6304224556237172,0.18045517507434433,1.6516623832293318,7.79652
144,logistic,20,5,0.0001,0.1,-0.007230358241665513,0.49849561076665116,1.030269170562378,0.62358
145,logistic,20,5,0.0001,0.01,0.5222658138078929,0.24189273391174723,1.6281188171103456,2.08695
146,logistic,20,5,0.0001,0.001,0.6199425139226398,0.1735203037598387,1.8942337931143867,4.08954
147,logistic,20,5,0.001,0.1,-0.004538569560023742,0.4982375188083454,1.0275158094571566,0.62407
148,logistic,20,5,0.001,0.01,0.4457925452644512,0.25515402689397676,1.483080682693278,2.50752
149,logistic,20,5,0.001,0.001,0.6252380393307542,0.1813892161911232,1.5664991928732415,2.77825
150,logistic,20,10,0.0001,0.1,-0.002426543485948507,0.4987175349652685,1.025355476070133,1.00347
151,logistic,20,10,0.0001,0.01,0.5214163383677753,0.27671608991106483,1.5112867335017137,1.7008
152,logistic,20,10,0.0001,0.001,0.6380616015002241,0.16754079290168045,1.6666846912664957,5.35987
153,logistic,20,10,0.001,0.1,-1.0309206443182006e-05,0.49866340806449366,1.0228839741429347,0.57888
154,logistic,20,10,0.001,0.01,0.32784568938394276,0.24081219424962785,1.3552889932552097,2.38465
155,logistic,20,10,0.001,0.001,0.6439643900352986,0.16967518792297626,1.6735668673549375,3.25071
156,logistic,20,20,0.0001,0.1,-0.005049110368622323,0.49801774664119985,1.0280380300160625,0.66232
157,logistic,20,20,0.0001,0.01,-0.0016362010479755718,0.49739282688572994,1.024601570534024,1.0856
158,logistic,20,20,0.0001,0.001,0.6297625078156064,0.17741197966944589,1.6929850018018948,2.99968
159,logistic,20,20,0.001,0.1,-0.0022202094379046855,0.4987422014631217,1.025144440670403,0.80348
160,logistic,20,20,0.001,0.01,-0.0008090400521103547,0.4973701778228561,1.023689112283583,0.89648
161,logistic,20,20,0.001,0.001,0.6324614562829209,0.18134060734451501,1.6890533782894113,2.78865
162,logistic,20,50,0.0001,0.1,-0.00011589948641033132,0.49745052783723626,1.022991833109354,1.56661
163,logistic,20,50,0.0001,0.01,0.4973399095976026,0.2704109061573982,1.530582190020232,9.64497
164,logistic,20,50,0.0001,0.001,0.6420215164978889,0.17243392971021132,1.6839583972230963,10.35265
165,logistic,20,50,0.001,0.1,-0.0006330376827463624,0.4987523256026763,1.0235209426178933,3.10189
166,logistic,20,50,0.001,0.01,-0.0011503017264000714,0.49808854422465676,1.0240767185008008,3.59647
167,logistic,20,50,0.001,0.001,0.6222067491882394,0.1764936756635416,1.652217196823823,6.91696
168,logistic,50,5,0.0001,0.1,-0.0003308201293648061,0.49899501316613915,1.0232118170716862,0.79935
169,logistic,50,5,0.0001,0.01,0.5135564496746909,0.2308089794188532,1.3640230233846993,5.74445
170,logistic,50,5,0.0001,0.001,0.6331232223397874,0.16852910658395645,1.7095279901312825,4.61631
171,logistic,50,5,0.001,0.1,-0.004443549947462877,0.5003069595506815,1.0274186129587395,0.98522
172,logistic,50,5,0.001,0.01,-0.0035744087153026793,0.497365573950211,1.0271425309462578,0.90839
173,logistic,50,5,0.001,0.001,0.6364195327628607,0.17363074982338125,1.6624427710416028,2.46697
174,logistic,50,10,0.0001,0.1,-0.005833903281936115,0.5009306486123166,1.0288407758415392,1.61553
175,logistic,50,10,0.0001,0.01,0.5209515773335794,0.25612013321075955,1.3449611325104212,3.50391
176,logistic,50,10,0.0001,0.001,0.6438336864793155,0.1659358796620296,1.8289529329284475,7.17811
177,logistic,50,10,0.001,0.1,-5.500890290610627e-06,0.4983618187879367,1.0228790511502843,1.76216
178,logistic,50,10,0.001,0.01,-0.004511377304287079,0.4983443841268192,1.027448242237602,1.54386
179,logistic,50,10,0.001,0.001,0.6371289482327154,0.168437636201575,1.7139105190197244,3.19365
180,logistic,50,20,0.0001,0.1,-0.0011437820399493592,0.5009806271618461,1.0240433725058806,0.96669
181,logistic,50,20,0.0001,0.01,0.0058717043665837965,0.4939106979853641,1.0260962617013798,1.87457
182,logistic,50,20,0.0001,0.001,0.6360421412549417,0.16996259233136907,1.659180908231169,3.78251
183,logistic,50,20,0.001,0.1,-0.0006321084577447511,0.4987456020468634,1.0235226294299478,1.39541
184,logistic,50,20,0.001,0.01,0.5511700346171315,0.2233655436427253,1.5226432193287698,5.58645
185,logistic,50,20,0.001,0.001,0.6530409701805415,0.16319469276246448,1.7070705293331538,8.74986
186,logistic,50,50,0.0001,0.1,-0.006799772890850875,0.49904966450390614,1.0298282845655813,3.35608
187,logistic,50,50,0.0001,0.01,-6.90440466979414e-05,0.4964221638492622,1.0237940516606998,2.27244
188,logistic,50,50,0.0001,0.001,0.6390932314149239,0.17355114885294617,1.6819442254026988,11.13624
189,logistic,50,50,0.001,0.1,-0.0015355970982788847,0.49876219569421376,1.0244407184636055,5.25728
190,logistic,50,50,0.001,0.01,0.450985722829066,0.25403068158199493,1.6192366309684418,11.95412
191,logistic,50,50,0.001,0.001,0.6317416552117868,0.17243967780211558,1.631127141923202,6.65985
192,tanh,5,5,0.0001,0.1,-0.023584837471672504,0.5008521575721748,1.0469977327933258,0.62167
193,tanh,5,5,0.0001,0.01,-0.004633288214072051,0.49740794380261044,1.0276735219754705,0.5469
194,tanh,5,5,0.0001,0.001,-0.0016643603235362292,0.49694109005150855,1.0255415811438748,0.43326
195,tanh,5,5,0.001,0.1,-0.025044617610977538,0.5007600157012387,1.048490903110308,0.39704
196,tanh,5,5,0.001,0.01,-0.004903816139835371,0.49756928879336104,1.028245647763269,0.43028
197,tanh,5,5,0.001,0.001,-0.0032265590179250125,0.49679744985769986,1.027404121168461,0.49266
198,tanh,5,10,0.0001,0.1,-0.010034619137468948,0.5004220865944458,1.0331375744992566,0.57746
199,tanh,5,10,0.0001,0.01,-0.020383542671245314,0.4983956997490119,1.0454307561318983,0.67344
200,tanh,5,10,0.0001,0.001,0.5870898205918965,0.19701908662454898,1.5975857504655255,2.15701
201,tanh,5,10,0.001,0.1,-0.028248855152131602,0.49912086225402863,1.0517684325520373,0.95457
202,tanh,5,10,0.001,0.01,-1.3596279653027565e-05,0.49862384220602435,1.023242126619413,0.58287
203,tanh,5,10,0.001,0.001,-0.00026159001618863975,0.4970902279887595,1.0236882836932617,0.90546
204,tanh,5,20,0.0001,0.1,-0.0005963960183852368,0.5007097407885428,1.0234834668517785,0.71985
205,tanh,5,20,0.0001,0.01,-0.006614915487394901,0.49773957497207716,1.0310057515669133,0.70987
206,tanh,5,20,0.0001,0.001,-0.002350867479665064,0.49719910736561734,1.0263163530908996,0.62308
207,tanh,5,20,0.001,0.1,-0.005781211827564636,0.5124135779676984,1.0287868771783417,1.14183
208,tanh,5,20,0.001,0.01,0.0005763024077175549,0.4981479346876035,1.0236735818184635,0.88588
209,tanh,5,20,0.001,0.001,0.6271173100430903,0.1879821825565932,1.629965293903814,3.82185
210,tanh,5,50,0.0001,0.1,-0.04767993028675743,0.503491612745062,1.0716439630082546,1.67458
211,tanh,5,50,0.0001,0.01,0.0001456654636226018,0.49765113205540845,1.0230785610694848,2.50295
212,tanh,5,50,0.0001,0.001,-0.0003684431982708958,0.4978128104035103,1.0232774160723184,1.65453
213,tanh,5,50,0.001,0.1,-0.02051435409564517,0.5148861853073093,1.0438570169331516,2.93387
214,tanh,5,50,0.001,0.01,-9.974746113750044e-06,0.4973319910848596,1.022980988546274,3.17393
215,tanh,5,50,0.001,0.001,-0.004211259142173018,0.49719044857552586,1.0278173264291839,2.01538
216,tanh,10,5,0.0001,0.1,-0.0037115851108826536,0.4996572417138023,1.0266699110038986,0.82749
217,tanh,10,5,0.0001,0.01,-0.0002815062313219485,0.4971412012358864,1.0232053333979696,0.60178
218,tanh,10,5,0.0001,0.001,0.5905176457700232,0.1969993761208325,1.6013540775083919,3.63673
219,tanh,10,5,0.001,0.1,-0.00267219332796631,0.5010889038910296,1.025606744447334,0.45645
220,tanh,10,5,0.001,0.01,-0.010231205301242996,0.4976014383219834,1.0333766457821474,0.5826
221,tanh,10,5,0.001,0.001,0.582965522427266,0.21404359861620167,1.5969026819587655,4.45031
222,tanh,10,10,0.0001,0.1,-0.05128362445224144,0.5025214949054367,1.075330086005087,0.59791
223,tanh,10,10,0.0001,0.01,-0.005071633003205678,0.4980502191548183,1.027834740329111,1.13597
224,tanh,10,10,0.0001,0.001,-0.002541445132701492,0.49811616459151414,1.0257057585413323,0.97637
225,tanh,10,10,0.001,0.1,-0.04086904869370844,0.5128319142723451,1.0646772931972188,0.55847
226,tanh,10,10,0.001,0.01,0.0005214029820167498,0.4971245618489335,1.0243563313265465,0.48661
227,tanh,10,10,0.001,0.001,0.6026804352497066,0.1867583157337624,1.6119830236380595,1.79884
228,tanh,10,20,0.0001,0.1,-0.006336140437562809,0.5043487268734076,1.029452958883891,0.90478
229,tanh,10,20,0.0001,0.01,-0.0003701260173472054,0.4977661573599772,1.0252934303012886,1.0577
230,tanh,10,20,0.0001,0.001,0.5283929860260292,0.19128888203605246,1.8087967573522326,1.78534
231,tanh,10,20,0.001,0.1,-0.004480821508035637,0.5036207997144184,1.0274567424787062,0.82033
232,tanh,10,20,0.001,0.01,-0.0028360769091855254,0.4976982241131819,1.0279643603504836,1.05575
233,tanh,10,20,0.001,0.001,0.6003250367787701,0.1880304398460392,1.6173370407098322,7.52615
234,tanh,10,50,0.0001,0.1,-0.04803258883627515,0.5243343078351412,1.0720046880681389,1.41949
235,tanh,10,50,0.0001,0.01,-0.0004326206945635125,0.4977605434298426,1.0261171135933755,1.55517
236,tanh,10,50,0.0001,0.001,0.5562330895934504,0.21472621812709558,1.56099989354958,11.72003
237,tanh,10,50,0.001,0.1,-0.000170279676123819,0.5218004973483816,1.023047603767524,1.42795
238,tanh,10,50,0.001,0.01,-0.0018140955635232991,0.502236278258506,1.024778431228791,1.75425
239,tanh,10,50,0.001,0.001,0.6202013338015868,0.18781758382551,1.6473924942949363,4.49631
240,tanh,20,5,0.0001,0.1,-0.02277227863782061,0.4996612472926985,1.0461619148267927,0.4548
241,tanh,20,5,0.0001,0.01,-0.0006802375411936179,0.4975879925943278,1.024511955209675,0.53055
242,tanh,20,5,0.0001,0.001,0.5990107912157101,0.1955871089534704,1.526371992092071,2.08461
243,tanh,20,5,0.001,0.1,-0.04380177067913604,0.5069752947356235,1.067677007309422,0.45133
244,tanh,20,5,0.001,0.01,0.22571802071665037,0.32243655501850405,1.3025343522356003,1.98655
245,tanh,20,5,0.001,0.001,0.6107078333822087,0.1928620079746254,1.6725862307306718,2.48909
246,tanh,20,10,0.0001,0.1,-0.011999293258482258,0.5048567549503766,1.0351471874539349,0.91168
247,tanh,20,10,0.0001,0.01,-0.0020303496617744,0.4974537969522177,1.0252501298925614,1.09115
248,tanh,20,10,0.0001,0.001,0.5543753935858846,0.188924340586878,1.5505516341618906,2.57959
249,tanh,20,10,0.001,0.1,-0.00041694997947772094,0.5032448842502725,1.0232999162665979,0.50723
250,tanh,20,10,0.001,0.01,-0.015520163842807522,0.4985920243105317,1.039195665832438,0.50482
251,tanh,20,10,0.001,0.001,0.599000888778702,0.1917509334045728,1.6008138602758513,2.01755
252,tanh,20,20,0.0001,0.1,-0.00010833135578258712,0.5152084348288284,1.0229842384766636,1.31756
253,tanh,20,20,0.0001,0.01,-0.0015365880077671257,0.4975962494570108,1.0245741911030024,1.49555
254,tanh,20,20,0.0001,0.001,0.60825371746312,0.18726400671823848,1.6521287318466342,7.55099
255,tanh,20,20,0.001,0.1,-0.09700633961537442,0.5117518489412454,1.1220986365664334,0.9013
256,tanh,20,20,0.001,0.01,-0.0035312315109921055,0.4985662148477542,1.0265150663977,1.09365
257,tanh,20,20,0.001,0.001,0.6062702009321674,0.19096176246912822,1.5941184441771543,2.90911
258,tanh,20,50,0.0001,0.1,-0.12129995995641818,0.52310809675041,1.146918747988141,1.59773
259,tanh,20,50,0.0001,0.01,-0.001310468848977564,0.5000272862330959,1.0282038285315156,2.72176
260,tanh,20,50,0.0001,0.001,0.6169526327294597,0.19510172674059886,1.5881971840806879,14.72197
261,tanh,20,50,0.001,0.1,-0.050805925966298515,0.5313837231906572,1.0748414609323869,1.65042
262,tanh,20,50,0.001,0.01,-0.0012330742185631127,0.49849711861714424,1.024248143646,1.96395
263,tanh,20,50,0.001,0.001,0.6208176238012659,0.19481926191509516,1.6475439174981348,5.39879
264,tanh,50,5,0.0001,0.1,-0.22197055201040428,0.5116406666829167,1.249921208873453,0.65205
265,tanh,50,5,0.0001,0.01,-0.005175198903866418,0.4983545971924655,1.0281252516117916,0.58638
266,tanh,50,5,0.0001,0.001,0.6081228884061234,0.1815409207881906,1.7153996207805127,2.14796
267,tanh,50,5,0.001,0.1,-0.0030778615467426107,0.5032234881163911,1.026031369794595,0.57581
268,tanh,50,5,0.001,0.01,-0.014874842497973217,0.4974458568759811,1.0386134573718957,0.64106
269,tanh,50,5,0.001,0.001,0.6200118130456838,0.20464186342765345,1.6079123333870846,1.95965
270,tanh,50,10,0.0001,0.1,-0.010557009181038968,0.5101632743175952,1.033671913383622,0.6715
271,tanh,50,10,0.0001,0.01,-0.002129085120940566,0.49798262890163175,1.02496898499154,0.8546
272,tanh,50,10,0.0001,0.001,0.5956933261588397,0.18790758812272398,1.6033341129772174,2.15691
273,tanh,50,10,0.001,0.1,-0.05093910055456741,0.5011279122600973,1.0749780183767537,0.63902
274,tanh,50,10,0.001,0.01,-0.0017567258491730797,0.49832076546985044,1.0244069439920445,0.68943
275,tanh,50,10,0.001,0.001,0.6286889374521389,0.19051097096368255,1.6335398781393782,6.74169
276,tanh,50,20,0.0001,0.1,-0.136397180391159,0.5109662715127106,1.1623904808527388,0.79888
277,tanh,50,20,0.0001,0.01,-0.001564384916207251,0.4988049195823241,1.0249519565407517,1.21386
278,tanh,50,20,0.0001,0.001,0.6221061757903363,0.19908594259573856,1.646999179762636,2.30634
279,tanh,50,20,0.001,0.1,-0.09615263409256603,0.5145620941156179,1.1212249821772327,0.75307
280,tanh,50,20,0.001,0.01,-0.005700258956891968,0.4997940615161494,1.0290073724124638,1.10851
281,tanh,50,20,0.001,0.001,0.6093202443038743,0.19433786533056957,1.6576148905991375,3.85508
282,tanh,50,50,0.0001,0.1,-0.07669916852453262,0.5294631120791317,1.102391591341227,1.74727
283,tanh,50,50,0.0001,0.01,0.0005242336457679242,0.49839469686583787,1.0237159193287177,2.02995
284,tanh,50,50,0.0001,0.001,0.5674527390399835,0.18545093223221656,1.5881822323017076,11.07157
285,tanh,50,50,0.001,0.1,-0.02224799140089373,0.5338786062600852,1.0456307178353519,1.97953
286,tanh,50,50,0.001,0.01,-0.013378227950292976,0.5030746168539094,1.0384893817433465,2.41853
287,tanh,50,50,0.001,0.001,0.6437843355960029,0.17329692024547566,1.6859675766840445,10.07648
288,relu,5,5,0.0001,0.1,-0.0013376767198707284,0.4970464370179578,1.0242417031849134,0.68625
289,relu,5,5,0.0001,0.01,-0.004869466514957788,0.5034898997075341,1.0289399236399572,1.73259
290,relu,5,5,0.0001,0.001,0.5166652012161098,0.24645289354106564,1.5355964302170841,2.83992
291,relu,5,5,0.001,0.1,-0.001280882713649678,0.4970843581550606,1.0241836101050115,0.76822
292,relu,5,5,0.001,0.01,-0.0016954396918067438,0.49726566471582767,1.0243412034971113,0.53214
293,relu,5,5,0.001,0.001,0.5925148196159116,0.19601820642875808,1.6036301588204933,2.0444
294,relu,5,10,0.0001,0.1,-0.0012514215941867857,0.4970473839802357,1.024153475108719,0.64594
295,relu,5,10,0.0001,0.01,0.5092017666854418,0.2511375436027958,1.501975194567445,1.88348
296,relu,5,10,0.0001,0.001,0.45548592224956685,0.262995257452326,1.5772966527939867,4.80491
297,relu,5,10,0.001,0.1,-0.0015880606984124412,0.49713978560366884,1.0244978143036638,0.7609
298,relu,5,10,0.001,0.01,0.28439995415286035,0.29119861088226684,1.7086239862666024,2.63542
299,relu,5,10,0.001,0.001,0.3411358817938882,0.32732280244453343,1.6721880066391877,3.92432
300,relu,5,20,0.0001,0.1,-0.03407714661048833,0.5014501438242194,1.0577300370224907,0.6786
301,relu,5,20,0.0001,0.01,0.43236496191689455,0.40729027610056817,1.434086093632792,2.07547
302,relu,5,20,0.0001,0.001,-0.5944781513612749,0.6390536585142679,1.6185724682681637,2.55678
303,relu,5,20,0.001,0.1,-0.006137094631211815,0.49803053518446455,1.0368538425557225,0.9297
304,relu,5,20,0.001,0.01,-0.0038389451783862327,0.4967955634153044,1.028298919007771,0.49139
305,relu,5,20,0.001,0.001,0.4856825932928128,0.26932349839526676,1.497775377162739,5.26015
306,relu,5,50,0.0001,0.1,-0.0011609269737988814,0.49706669956614746,1.0240609105660363,2.41438
307,relu,5,50,0.0001,0.01,-0.38059433056447256,4.182700371097851,1.4227928733928434,5.38015
308,relu,5,50,0.0001,0.001,0.5151121835443265,0.23223843576089312,1.7558349747451505,4.88576
309,relu,5,50,0.001,0.1,-0.005037448865765404,0.4987535335962141,1.0280261018070864,1.16844
310,relu,5,50,0.001,0.01,0.1246261405063994,0.48610175368898106,1.7010651361821378,3.95929
311,relu,5,50,0.001,0.001,-1.2867655229642931,0.4278011630715562,3.372511712872587,6.62095
312,relu,10,5,0.0001,0.1,0.0002629667589606477,0.4971092279935569,1.0240252292416754,1.4034
313,relu,10,5,0.0001,0.01,-0.0013961726402700325,0.49702420911580947,1.0243015371076092,1.31862
314,relu,10,5,0.0001,0.001,0.4618950445116009,0.2818076644819261,1.5770770201021358,1.65067
315,relu,10,5,0.001,0.1,-0.010987092139516763,1.1242570858741452,1.0393679743743884,0.82568
316,relu,10,5,0.001,0.01,0.5177533107692156,0.2528758983492787,1.5587819424102014,2.02277
317,relu,10,5,0.001,0.001,0.4286935061921856,0.26709389165442726,1.6341772397582566,1.57405
318,relu,10,10,0.0001,0.1,-0.0015263690532481,0.49742324562393636,1.0244347115590189,0.65658
319,relu,10,10,0.0001,0.01,0.46032771950932594,0.26905042844378985,1.561162950147003,1.98664
320,relu,10,10,0.0001,0.001,0.5950360254088067,0.21773744925056815,1.6249627996960503,2.55651
321,relu,10,10,0.001,0.1,-0.0015816090221332235,0.4971955152120902,1.0242869453961465,0.48867
322,relu,10,10,0.001,0.01,-2.251276017267667,0.5694386584129695,4.471510551045638,2.23929
323,relu,10,10,0.001,0.001,0.48718136682577945,0.2522675747365232,1.5907389803640604,3.03958
324,relu,10,20,0.0001,0.1,-0.0013056969831484189,0.49706235567888807,1.0242089919619486,0.68997
325,relu,10,20,0.0001,0.01,-2.061408531501245,0.4647683829697585,4.020090368200405,2.00337
326,relu,10,20,0.0001,0.001,0.5161802881368067,0.33038318829597774,1.5337425638417121,2.78922
327,relu,10,20,0.001,0.1,-0.001694887141514556,0.49732782412682497,1.0246070842338502,0.57828
328,relu,10,20,0.001,0.01,0.4778699431796163,0.3176482792503541,1.4197845058895997,1.19722
329,relu,10,20,0.001,0.001,0.21608727629272506,0.3841254533677751,1.8182119816285827,3.13734
330,relu,10,50,0.0001,0.1,-0.002069641836012215,0.4972531389352299,1.0249904108533243,1.31188
331,relu,10,50,0.0001,0.01,-1.227064109784171,0.3968127033764237,3.097704215238835,3.09213
332,relu,10,50,0.0001,0.001,0.050294779092228015,0.4232830618759749,1.9190125030485479,4.73984
333,relu,10,50,0.001,0.1,-8.563018041019e-05,0.49860974080841614,1.0229610180475635,1.42667
334,relu,10,50,0.001,0.01,0.38778218535140063,0.5436323869689799,1.5142285481947777,1.83281
335,relu,10,50,0.001,0.001,0.41537278608385597,0.2697950149920204,1.6289114450658206,6.25187
336,relu,20,5,0.0001,0.1,-0.0013153615689205367,0.4970491142440656,1.0242188776099366,0.97571
337,relu,20,5,0.0001,0.01,0.5203490724523768,0.3638841568109241,1.4963831179681168,1.0159
338,relu,20,5,0.0001,0.001,0.5822346066746277,0.20915487020647233,1.552733768839599,2.70394
339,relu,20,5,0.001,0.1,-0.001139763723948084,0.4972523996151697,1.0240392632400899,0.81145
340,relu,20,5,0.001,0.01,-0.0011936029953694138,0.4970625627241664,1.0240943340002737,2.34467
341,relu,20,5,0.001,0.001,-0.2957795707583517,0.2913563870152105,2.462867373224353,3.16815
342,relu,20,10,0.0001,0.1,-0.0011706609270094592,0.49705576353253783,1.0240708671681356,0.88272
343,relu,20,10,0.0001,0.01,0.40410433428723347,0.28860858936493977,1.421943531578321,1.43765
344,relu,20,10,0.0001,0.001,0.2279982725365114,0.3335023993092674,1.8672058519775572,1.72821
345,relu,20,10,0.001,0.1,-0.0013171893349235297,0.497279158102053,1.024220747183218,0.6956
346,relu,20,10,0.001,0.01,-3.0362344372049197,0.9535310493613268,4.9732782038549335,0.97412
347,relu,20,10,0.001,0.001,0.5164045523206786,0.23821245453698559,1.603410394389706,3.22566
348,relu,20,20,0.0001,0.1,-0.001669577095597674,0.497069461055963,1.0245811952603925,0.85024
349,relu,20,20,0.0001,0.01,-0.05890302571104433,1.153426406700023,2.0231313174276657,0.67544
350,relu,20,20,0.0001,0.001,0.43608794566191666,0.2833048702210239,1.6384224199134307,2.11742
351,relu,20,20,0.001,0.1,-0.0015816499277518936,0.4973686774295875,1.0244912568966957,0.69029
352,relu,20,20,0.001,0.01,-0.7091453732193886,1.7963964712515434,2.563463211236164,0.88264
353,relu,20,20,0.001,0.001,0.5080658986514481,0.23754327529073133,1.5896980158982326,3.2397
354,relu,20,50,0.0001,0.1,-0.005282111975871029,0.498187979600192,1.0282763612015189,1.58009
355,relu,20,50,0.0001,0.01,0.14565691938567937,0.4440680845431826,1.2440956122561513,2.51996
356,relu,20,50,0.0001,0.001,0.4511875565146284,0.5235434652037041,1.5838036808319005,3.59719
357,relu,20,50,0.001,0.1,-0.001423931289104008,0.4976193544982341,1.024329930691932,1.61485
358,relu,20,50,0.001,0.01,-4.793087756214686,0.5733147992372384,6.799929608944851,4.89996
359,relu,20,50,0.001,0.001,0.5410958003004448,0.22330872069592092,1.5812137181158472,4.74212
360,relu,50,5,0.0001,0.1,-0.0012805282809276175,0.4970602031708537,1.0241832475651984,1.20111
361,relu,50,5,0.0001,0.01,-14.337999312628513,1.1872226139447906,16.791413173205413,1.81208
362,relu,50,5,0.0001,0.001,-0.0014266306223504888,0.4970201638727223,1.024332691768185,2.56331
363,relu,50,5,0.001,0.1,-0.0012132386849965648,0.49742496642832645,1.0241144188254572,0.89966
364,relu,50,5,0.001,0.01,-215.00158958984363,32.55735579820371,221.10268998764343,1.22373
365,relu,50,5,0.001,0.001,-0.0011185556673214414,0.497063506982102,1.0240175700824787,1.03131
366,relu,50,10,0.0001,0.1,-0.0011695690386610558,0.49708817360176505,1.0240697503045566,0.88904
367,relu,50,10,0.0001,0.01,-0.7317456063759396,0.5634293245202987,2.6972300358486287,0.89574
368,relu,50,10,0.0001,0.001,0.6202410176083368,0.19044586227081084,1.6734114891857217,7.49731
369,relu,50,10,0.001,0.1,-0.0013055058058122349,0.49759991050105223,1.0242087964117275,1.21894
370,relu,50,10,0.001,0.01,-0.1725438680517506,1.1058534189181448,1.7314299562295192,1.12946
371,relu,50,10,0.001,0.001,0.17120443574995248,0.2814426990604254,1.914023004887129,2.99592
372,relu,50,20,0.0001,0.1,-0.0012035142446171765,0.4970996990131211,1.0241044719537806,1.39843
373,relu,50,20,0.0001,0.01,0.31938958739884094,0.42798545607683885,1.680287822955317,1.10761
374,relu,50,20,0.0001,0.001,0.5347893440919627,0.6719660731692959,1.6912523995803637,3.00876
375,relu,50,20,0.001,0.1,-0.001190258864295135,0.4978027608485109,1.0240909133774545,1.49925
376,relu,50,20,0.001,0.01,0.43677394005585135,0.49142462813199583,1.5620457884875405,1.61431
377,relu,50,20,0.001,0.001,0.5069188852280551,0.25591384540359985,1.5725761740536157,2.5409
378,relu,50,50,0.0001,0.1,-0.0021112729196284263,0.49721944410742064,1.025032994182583,1.3692
379,relu,50,50,0.0001,0.01,-0.11461993787958624,0.47049659157722973,2.072794698681551,2.9834
380,relu,50,50,0.0001,0.001,0.3551020962864708,0.2640388950733008,1.743913362604105,4.31425
381,relu,50,50,0.001,0.1,-0.0021736757553325603,0.49945654946591395,1.025096824385134,4.9572
382,relu,50,50,0.001,0.01,0.43877535210886276,0.3262773594923413,1.3148515570234927,5.22647
383,relu,50,50,0.001,0.001,0.4550292982827223,0.2865504199721381,1.7416302752491573,7.02284
