,Activation,# of Neurons in hidden unit 1,# of Neurons in hidden unit 2,Alpha,Learning Rate,Accuracy Score,Macro Precision,Weighted Precision,Macro Recall,Weighted Recall,Macro F1,Weighted F1,Time Taken
0,identity,5,5,0.0001,0.1,0.8161337209302325,0.8193674823337956,0.8175605424013106,0.8011410924279088,0.8161337209302325,0.806633262069452,0.8134445200067985,1.1705
1,identity,5,5,0.0001,0.01,0.4689922480620155,0.6643410852713179,0.6998197223724536,0.5395153584143767,0.4689922480620155,0.3909102780713386,0.3562541398346106,0.54266
2,identity,5,5,0.0001,0.001,0.751453488372093,0.8049045394924041,0.7899710260618571,0.7116020375136785,0.751453488372093,0.7135268438717078,0.730091343733394,1.2956
3,identity,5,5,0.001,0.1,0.6644864341085271,0.7998740565734195,0.7735509148019407,0.6021213183730715,0.6644864341085271,0.5595369825593046,0.5937041489197462,1.55381
4,identity,5,5,0.001,0.01,0.7877906976744186,0.8077746529982763,0.8001172495564244,0.7614398224496401,0.7877906976744186,0.7687680068098481,0.7793076058023805,0.73121
5,identity,5,5,0.001,0.001,0.8062015503875969,0.8010984498511446,0.808439752377269,0.8051300032365951,0.8062015503875969,0.8026208206345395,0.806845566530233,1.65482
6,identity,5,10,0.0001,0.1,0.8132267441860465,0.8212193461830515,0.8173007012577634,0.7949202795801673,0.8132267441860465,0.8016568851220292,0.8092695506646524,2.1792
7,identity,5,10,0.0001,0.01,0.8171027131782945,0.8131409072819684,0.8165337854386133,0.8101919994451552,0.8171027131782945,0.8115109874209421,0.8166701605529015,1.55423
8,identity,5,10,0.0001,0.001,0.7526647286821705,0.7644693359331849,0.7816778300591082,0.768096997672734,0.7526647286821705,0.7525106467936306,0.7534919838701569,0.61429
9,identity,5,10,0.001,0.1,0.7734980620155039,0.8209095123081802,0.8066294795294862,0.7375747499344976,0.7734980620155039,0.743244218607756,0.7572502322107783,1.12637
10,identity,5,10,0.001,0.01,0.7662306201550387,0.7964123104988843,0.7864228105667134,0.7339894502412034,0.7662306201550387,0.7396498168734699,0.7528696856776467,1.89822
11,identity,5,10,0.001,0.001,0.7000968992248062,0.7481419234360411,0.7729198604506401,0.7303993341861504,0.7000968992248062,0.6984179889433904,0.6948421280842708,1.27043
12,identity,5,20,0.0001,0.1,0.7611434108527132,0.8160473729862164,0.8004959916565194,0.722174914846724,0.7611434108527132,0.7255827663457339,0.7412811396947101,1.25453
13,identity,5,20,0.0001,0.01,0.813468992248062,0.8202025434673166,0.816804689928985,0.7959191930089545,0.813468992248062,0.802376289332811,0.8098167935377238,2.15089
14,identity,5,20,0.0001,0.001,0.752906976744186,0.7658782558362045,0.7834591630353039,0.769016922768676,0.752906976744186,0.752799684940775,0.7536180968365622,2.28541
15,identity,5,20,0.001,0.1,0.780765503875969,0.8254183229409513,0.8115620082263683,0.7462942912627345,0.780765503875969,0.7529559105945124,0.7661278190368485,1.48501
16,identity,5,20,0.001,0.01,0.7579941860465116,0.8155772276141049,0.7995575180007287,0.7181147218840066,0.7579941860465116,0.7207814705266012,0.7369802372028197,2.74457
17,identity,5,20,0.001,0.001,0.7342538759689923,0.7392188851810654,0.7538902637536778,0.7447068184270147,0.7342538759689923,0.7335174843960515,0.7357436266626374,0.90805
18,identity,5,50,0.0001,0.1,0.812984496124031,0.8079223866860956,0.8135317511984025,0.8094030793890541,0.812984496124031,0.8086112264194456,0.8132087663652917,3.84349
19,identity,5,50,0.0001,0.01,0.8008720930232558,0.7960674483961624,0.800396908389807,0.7942912627344605,0.8008720930232558,0.7951144580932183,0.8005725628823868,3.21316
20,identity,5,50,0.0001,0.001,0.6971899224806202,0.7305240181216066,0.7521318903948151,0.7222828013501226,0.6971899224806202,0.6966258444207964,0.6945469949418954,3.69083
21,identity,5,50,0.001,0.1,0.7805232558139535,0.7865529046268926,0.8020038797100495,0.792846354206803,0.7805232558139535,0.7800068516099401,0.781700657399104,2.98818
22,identity,5,50,0.001,0.01,0.7778585271317829,0.7724972267514496,0.7770886275993591,0.7699310682305072,0.7778585271317829,0.771066987370866,0.7773331618900805,2.26357
23,identity,5,50,0.001,0.001,0.7940891472868217,0.794103524878366,0.7940950735342325,0.7796707149792703,0.7940891472868217,0.7841454168919253,0.7915078177260698,4.57879
24,identity,10,5,0.0001,0.1,0.8125,0.8182321817615935,0.8152759622367466,0.7954780142718432,0.8125,0.8016849017273072,0.8090445536639114,1.51007
25,identity,10,5,0.0001,0.01,0.7359496124031008,0.8159317853753779,0.7962068585070269,0.6895353944792935,0.7359496124031008,0.6851593473566657,0.7052548925137594,0.93668
26,identity,10,5,0.0001,0.001,0.5256782945736435,0.6900757575757576,0.7251814658210007,0.5870066119014226,0.5256782945736435,0.48125526277956915,0.45713149716954204,1.0591
27,identity,10,5,0.001,0.1,0.7856104651162791,0.8163698537570031,0.8057832016330183,0.7553721699058304,0.7856104651162791,0.7627651373691079,0.7744642279250363,1.0187
28,identity,10,5,0.001,0.01,0.7466085271317829,0.7693372951837141,0.7895955449691308,0.767531556802244,0.7466085271317829,0.7465847328072237,0.7461945058844537,1.27272
29,identity,10,5,0.001,0.001,0.6942829457364341,0.7386072413654747,0.7624406331135489,0.7234079034569918,0.6942829457364341,0.6928495371107362,0.6895150830027295,1.05265
30,identity,10,10,0.0001,0.1,0.7965116279069767,0.7925066705147685,0.8020256996788575,0.798743507544349,0.7965116279069767,0.7938849785546507,0.7975825793596418,1.20525
31,identity,10,10,0.0001,0.01,0.7829457364341085,0.7792701126034459,0.7893168177405904,0.7855370436015597,0.7829457364341085,0.7803587716631195,0.7841468272206391,0.86988
32,identity,10,10,0.0001,0.001,0.6436531007751938,0.7846467120943457,0.7585043127089971,0.5775097097853059,0.6436531007751938,0.519710511173201,0.5584832049161228,1.45801
33,identity,10,10,0.001,0.1,0.7936046511627907,0.8150094837244306,0.8068267505307034,0.7673254165189649,0.7936046511627907,0.7750349435466312,0.7853062152129049,0.67446
34,identity,10,10,0.001,0.01,0.7088178294573644,0.7903414826999513,0.7714039768475656,0.6584621549558436,0.7088178294573644,0.6459050535568093,0.6696238932066736,0.81156
35,identity,10,10,0.001,0.001,0.7686531007751938,0.7819377500194862,0.7766560955320584,0.7430307245349321,0.7686531007751938,0.7490773169710983,0.7602149702022228,1.12298
36,identity,10,20,0.0001,0.1,0.815406976744186,0.814547124044015,0.8151134527300714,0.8039105004392522,0.815406976744186,0.8077078351603988,0.8138224076530919,1.11322
37,identity,10,20,0.0001,0.01,0.781734496124031,0.7770207417343098,0.7859578020801397,0.7822012314473745,0.781734496124031,0.7784714304271932,0.782744027427444,1.2473
38,identity,10,20,0.0001,0.001,0.7592054263565892,0.76593068002034,0.7814650687647785,0.7715291370620964,0.7592054263565892,0.7587155620192372,0.7604432555961343,1.82895
39,identity,10,20,0.001,0.1,0.7679263565891473,0.8208624514548766,0.8055240776775274,0.7301604426429111,0.7679263565891473,0.7347453689046672,0.7496540866587897,0.89501
40,identity,10,20,0.001,0.01,0.8098352713178295,0.8229315968811768,0.8171345728801269,0.7885973598631383,0.8098352713178295,0.7961657538362812,0.8045541574545185,1.63747
41,identity,10,20,0.001,0.001,0.7984496124031008,0.793166676765316,0.7986157424546035,0.7936227517223309,0.7984496124031008,0.7933897641518399,0.7985279382274236,0.88919
42,identity,10,50,0.0001,0.1,0.7713178294573644,0.8115154693634018,0.7989584923260872,0.7368783040241665,0.7713178294573644,0.7426389723607304,0.7562916067986054,2.14891
43,identity,10,50,0.0001,0.01,0.813468992248062,0.8105415233415234,0.8127438393996532,0.8043709446233991,0.813468992248062,0.8068529949647218,0.812533746558794,4.07478
44,identity,10,50,0.0001,0.001,0.7359496124031008,0.7406650254421185,0.7552561148458719,0.7462490174622012,0.7359496124031008,0.7351837138266505,0.7374469096201253,1.89533
45,identity,10,50,0.001,0.1,0.8083817829457365,0.8035191517849065,0.808223998453792,0.8029828691644961,0.8083817829457365,0.8032449167680747,0.808297067011772,2.27598
46,identity,10,50,0.001,0.01,0.8163759689922481,0.8127647925139294,0.8157112250634033,0.8086960374828538,0.8163759689922481,0.8104481579385447,0.8157750675977631,3.46576
47,identity,10,50,0.001,0.001,0.7860949612403101,0.8005194148395949,0.7946127721672286,0.7618723317355856,0.7860949612403101,0.7688010010057884,0.7788495731172554,1.29249
48,identity,20,5,0.0001,0.1,0.8166182170542635,0.8152900052076,0.8161919792980878,0.8057455342693771,0.8166182170542635,0.8092559188942603,0.8152111193788005,1.18429
49,identity,20,5,0.0001,0.01,0.7839147286821705,0.8170144530141148,0.8058679339372383,0.7528031225436556,0.7839147286821705,0.7600434794508765,0.7720707755305454,1.3798
50,identity,20,5,0.0001,0.001,0.8083817829457365,0.8060127288926873,0.8076838035795693,0.7980066041952438,0.8083817829457365,0.8010394518245856,0.8071133095994594,1.46796
51,identity,20,5,0.001,0.1,0.8125,0.8161152956234923,0.8141389340159831,0.7968998042630582,0.8125,0.8025197784810127,0.8095747626582279,0.74698
52,identity,20,5,0.001,0.01,0.7410368217054264,0.8031210877749078,0.7867384334943045,0.6981903965599617,0.7410368217054264,0.6971775918258306,0.7154918214891118,2.46717
53,identity,20,5,0.001,0.001,0.7994186046511628,0.8144528873213959,0.8081469477870782,0.7762915555692553,0.7994186046511628,0.7837852609429335,0.7930244262335628,1.10254
54,identity,20,10,0.0001,0.1,0.8117732558139535,0.8066279909030246,0.8128098476458256,0.8090688238829894,0.8117732558139535,0.8076970556651366,0.8121462857776556,1.34761
55,identity,20,10,0.0001,0.01,0.8093507751937985,0.8082967751885597,0.808984075390783,0.7974999229382118,0.8093507751937985,0.8012983993771676,0.8076550281806691,1.91641
56,identity,20,10,0.0001,0.001,0.7771317829457365,0.8096237970253719,0.7987931256654934,0.7454495014102307,0.7771317829457365,0.7520889037433156,0.764610343344526,1.13801
57,identity,20,10,0.001,0.1,0.8040213178294574,0.8208561686935645,0.8138929516905038,0.780579080806991,0.8040213178294574,0.7884182478135889,0.7975490363331337,1.11692
58,identity,20,10,0.001,0.01,0.7589631782945736,0.773972445725434,0.7922737086151074,0.7762963719310143,0.7589631782945736,0.7589139293685009,0.7594615106482258,1.36936
59,identity,20,10,0.001,0.001,0.7943313953488372,0.8093086507732331,0.8030981074366946,0.7707170984695528,0.7943313953488372,0.7780198569528692,0.7875822959052866,0.77686
60,identity,20,20,0.0001,0.1,0.7076065891472868,0.8172170215513923,0.7932328842408208,0.6537835411432886,0.7076065891472868,0.636379320348069,0.6619540813400159,1.1237
61,identity,20,20,0.0001,0.01,0.7923934108527132,0.8156134102671265,0.8069290775328876,0.7653324060231493,0.7923934108527132,0.7730552651501033,0.7835829195740966,2.89182
62,identity,20,20,0.0001,0.001,0.7473352713178295,0.8116581505659308,0.7946024477418587,0.7048889924941819,0.7473352713178295,0.7049237829565149,0.7227013780779351,1.25676
63,identity,20,20,0.001,0.1,0.7730135658914729,0.8171868148812019,0.8036584995976994,0.7377885963965908,0.7730135658914729,0.7435596982414123,0.7573708041588102,1.318
64,identity,20,20,0.001,0.01,0.7868217054263565,0.7862229567307693,0.7984973049903101,0.7936208251776274,0.7868217054263565,0.7853309481216457,0.7881737876329548,1.54537
65,identity,20,20,0.001,0.001,0.6293604651162791,0.7132626377391837,0.7417511601204598,0.6708633232125518,0.6293604651162791,0.6202903325489649,0.6109643028245791,0.62832
66,identity,20,50,0.0001,0.1,0.7456395348837209,0.7658761087335931,0.7589330164503734,0.7142471833916434,0.7456395348837209,0.7183941919971558,0.7323139310420053,3.57065
67,identity,20,50,0.0001,0.01,0.7560562015503876,0.809956591250524,0.7947812025624169,0.7166794460798669,0.7560562015503876,0.7193435973192153,0.7354745205447003,5.20765
68,identity,20,50,0.0001,0.001,0.7974806201550387,0.792750460613413,0.8012751437433757,0.7979998612887813,0.7974806201550387,0.7943415022058029,0.798379269607173,4.53588
69,identity,20,50,0.001,0.1,0.7487887596899225,0.8004027547246227,0.785945546892529,0.7089867530786185,0.7487887596899225,0.7106317060810229,0.7273301898484934,1.32305
70,identity,20,50,0.001,0.01,0.8003875968992248,0.7991598848539778,0.8110036951728317,0.8068272891204167,0.8003875968992248,0.7988406407346472,0.8016439646129978,5.044
71,identity,20,50,0.001,0.001,0.7909399224806202,0.7999063244257254,0.7958385791449584,0.769923362051693,0.7909399224806202,0.7764487631389057,0.7854936732513363,2.91678
72,identity,50,5,0.0001,0.1,0.7255329457364341,0.8052301555373728,0.7859665705596957,0.6777825085153276,0.7255329457364341,0.6706589933962432,0.6920223837435223,1.6587
73,identity,50,5,0.0001,0.01,0.7730135658914729,0.8205860939502869,0.8062838123707351,0.7369987130681381,0.7730135658914729,0.7425978864594333,0.756658975752892,1.96372
74,identity,50,5,0.0001,0.001,0.7696220930232558,0.813858368689748,0.8004111968467365,0.7339933033306105,0.7696220930232558,0.7393402114837024,0.7534588428198411,0.81301
75,identity,50,5,0.001,0.1,0.7279554263565892,0.8062057361863446,0.7871231327483076,0.68074168117997,0.7279554263565892,0.6744894394568532,0.6954539866213642,1.30589
76,identity,50,5,0.001,0.01,0.8030523255813954,0.7981631301541643,0.8062217035216606,0.8030445185950095,0.8030523255813954,0.799789233865399,0.8038510709919523,1.56928
77,identity,50,5,0.001,0.001,0.6802325581395349,0.7982124258720003,0.774056747584704,0.6216323998582063,0.6802325581395349,0.5907801774235169,0.6211847171902048,1.04078
78,identity,50,10,0.0001,0.1,0.812984496124031,0.8111467951291316,0.8124184532015515,0.8023731177658247,0.812984496124031,0.8056485322476181,0.8116490214033873,1.95997
79,identity,50,10,0.0001,0.01,0.7953003875968992,0.7933297814086342,0.804669410000756,0.8006999136907973,0.7953003875968992,0.7935041932768925,0.7965647217805921,1.4023
80,identity,50,10,0.0001,0.001,0.8001453488372093,0.8157556169413416,0.809249685634918,0.7768396575374135,0.8001453488372093,0.7844169321838186,0.7936706015332575,1.03818
81,identity,50,10,0.001,0.1,0.7613856589147286,0.8047764322788813,0.7917552303910113,0.7249905599309526,0.7613856589147286,0.7293095472162138,0.74411737921778,1.53329
82,identity,50,10,0.001,0.01,0.7727713178294574,0.8137903565430495,0.8010011505563022,0.7382904612918637,0.7727713178294574,0.7441815477606213,0.7577720471556622,1.74477
83,identity,50,10,0.001,0.001,0.7143895348837209,0.7952466474424772,0.7762077867681971,0.6649286022532866,0.7143895348837209,0.6543028635846764,0.6772063245795474,1.22017
84,identity,50,20,0.0001,0.1,0.7715600775193798,0.8203220583386239,0.805795328357959,0.7351126258033691,0.7715600775193798,0.740457729230489,0.7547356441902597,1.29707
85,identity,50,20,0.0001,0.01,0.8161337209302325,0.8195845367269994,0.817669363154513,0.8009831157622181,0.8161337209302325,0.8065456753880306,0.8133898080057503,2.52758
86,identity,50,20,0.0001,0.001,0.45566860465116277,0.6573420110191006,0.6926590837840145,0.5284926328930537,0.45566860465116277,0.3669972871066627,0.3293478474243378,1.30831
87,identity,50,20,0.001,0.1,0.8161337209302325,0.8181302555053388,0.8169670879376039,0.802088952422052,0.8161337209302325,0.8071491446497748,0.8137640515408864,1.51091
88,identity,50,20,0.001,0.01,0.749031007751938,0.8080456093046637,0.7920217770949832,0.7077739931877379,0.749031007751938,0.7086995187277674,0.7259244254985069,1.61006
89,identity,50,20,0.001,0.001,0.7512112403100775,0.7688228734283625,0.7877625969129444,0.7697653853860025,0.7512112403100775,0.7512035166965916,0.751423807585581,1.62122
90,identity,50,50,0.0001,0.1,0.6921027131782945,0.7344954815209452,0.7578649403720199,0.7205787725598385,0.6921027131782945,0.6908092034371898,0.687631142050805,2.41674
91,identity,50,50,0.0001,0.01,0.8103197674418605,0.8074815777469178,0.8095735467804934,0.8007846816577532,0.8103197674418605,0.8034268379791709,0.8092764650522943,3.63119
92,identity,50,50,0.0001,0.001,0.7894864341085271,0.7859009981850539,0.7959524766713721,0.7923656813032689,0.7894864341085271,0.7870113088077508,0.7906600328466481,3.64074
93,identity,50,50,0.001,0.1,0.784156976744186,0.7848307446792777,0.7978305024857524,0.7921903657352465,0.784156976744186,0.7829248610527724,0.7855237931864296,2.62057
94,identity,50,50,0.001,0.01,0.8158914728682171,0.8134104811755061,0.8152269215219553,0.8063822572938982,0.8158914728682171,0.8091470797790125,0.8148485254832886,4.28245
95,identity,50,50,0.001,0.001,0.7468507751937985,0.7638994220387729,0.7826016165710525,0.7650549835858391,0.7468507751937985,0.746838280815395,0.7471209122716913,2.95023
96,logistic,5,5,0.0001,0.1,0.5794573643410853,0.28972868217054265,0.33577083708911726,0.5,0.5794573643410853,0.36687116564417177,0.42517239739382695,0.5859
97,logistic,5,5,0.0001,0.01,0.5796996124031008,0.589837496968227,0.588222525556201,0.5004459950988702,0.5796996124031008,0.36856888821493106,0.42659224601444484,0.73396
98,logistic,5,5,0.0001,0.001,0.5794573643410853,0.28972868217054265,0.33577083708911726,0.5,0.5794573643410853,0.36687116564417177,0.42517239739382695,0.59382
99,logistic,5,5,0.001,0.1,0.5794573643410853,0.28972868217054265,0.33577083708911726,0.5,0.5794573643410853,0.36687116564417177,0.42517239739382695,0.74843
100,logistic,5,5,0.001,0.01,0.5794573643410853,0.28972868217054265,0.33577083708911726,0.5,0.5794573643410853,0.36687116564417177,0.42517239739382695,0.61372
101,logistic,5,5,0.001,0.001,0.8231589147286822,0.8197256156727517,0.8225550681610563,0.8158126936177428,0.8231589147286822,0.8175144556136178,0.8226146831335657,2.97227
102,logistic,5,10,0.0001,0.1,0.5794573643410853,0.28972868217054265,0.33577083708911726,0.5,0.5794573643410853,0.36687116564417177,0.42517239739382695,0.7625
103,logistic,5,10,0.0001,0.01,0.5794573643410853,0.28972868217054265,0.33577083708911726,0.5,0.5794573643410853,0.36687116564417177,0.42517239739382695,0.96212
104,logistic,5,10,0.0001,0.001,0.5794573643410853,0.28972868217054265,0.33577083708911726,0.5,0.5794573643410853,0.36687116564417177,0.42517239739382695,0.51011
105,logistic,5,10,0.001,0.1,0.5794573643410853,0.28972868217054265,0.33577083708911726,0.5,0.5794573643410853,0.36687116564417177,0.42517239739382695,1.32737
106,logistic,5,10,0.001,0.01,0.5794573643410853,0.28972868217054265,0.33577083708911726,0.5,0.5794573643410853,0.36687116564417177,0.42517239739382695,1.00095
107,logistic,5,10,0.001,0.001,0.8163759689922481,0.811532449004371,0.8191703074467924,0.8163579057688455,0.8163759689922481,0.8132270301451292,0.8170809553013046,2.74419
108,logistic,5,20,0.0001,0.1,0.5794573643410853,0.28972868217054265,0.33577083708911726,0.5,0.5794573643410853,0.36687116564417177,0.42517239739382695,0.68961
109,logistic,5,20,0.0001,0.01,0.8190406976744186,0.8232024238105553,0.8209235487310013,0.8036494536319221,0.8190406976744186,0.8094304728585373,0.8162312360507898,2.63716
110,logistic,5,20,0.0001,0.001,0.8197674418604651,0.8147664766237677,0.8207530335494494,0.8172306305195506,0.8197674418604651,0.8158510802867014,0.8201187433969821,4.39582
111,logistic,5,20,0.001,0.1,0.5794573643410853,0.28972868217054265,0.33577083708911726,0.5,0.5794573643410853,0.36687116564417177,0.42517239739382695,0.70695
112,logistic,5,20,0.001,0.01,0.5794573643410853,0.28972868217054265,0.33577083708911726,0.5,0.5794573643410853,0.36687116564417177,0.42517239739382695,1.0555
113,logistic,5,20,0.001,0.001,0.8187984496124031,0.8140102890810518,0.8189490206982947,0.8144987901299262,0.8187984496124031,0.8142494514249716,0.8188688675410012,3.87221
114,logistic,5,50,0.0001,0.1,0.5794573643410853,0.28972868217054265,0.33577083708911726,0.5,0.5794573643410853,0.36687116564417177,0.42517239739382695,1.28847
115,logistic,5,50,0.0001,0.01,0.5794573643410853,0.28972868217054265,0.33577083708911726,0.5,0.5794573643410853,0.36687116564417177,0.42517239739382695,2.34152
116,logistic,5,50,0.0001,0.001,0.8248546511627907,0.8213768743391724,0.824279446344635,0.8177498343171554,0.8248546511627907,0.8193434683109387,0.8243578038876584,9.46368
117,logistic,5,50,0.001,0.1,0.5794573643410853,0.28972868217054265,0.33577083708911726,0.5,0.5794573643410853,0.36687116564417177,0.42517239739382695,2.29848
118,logistic,5,50,0.001,0.01,0.5794573643410853,0.28972868217054265,0.33577083708911726,0.5,0.5794573643410853,0.36687116564417177,0.42517239739382695,2.9778
119,logistic,5,50,0.001,0.001,0.8192829457364341,0.8155348739385335,0.818687098424973,0.8121522586810104,0.8192829457364341,0.8136451382946663,0.8187961155673678,9.61652
120,logistic,10,5,0.0001,0.1,0.5794573643410853,0.28972868217054265,0.33577083708911726,0.5,0.5794573643410853,0.36687116564417177,0.42517239739382695,0.73405
121,logistic,10,5,0.0001,0.01,0.5794573643410853,0.28972868217054265,0.33577083708911726,0.5,0.5794573643410853,0.36687116564417177,0.42517239739382695,0.70183
122,logistic,10,5,0.0001,0.001,0.8168604651162791,0.814200727112482,0.8161834408971307,0.8076923076923077,0.8168604651162791,0.8102941176470588,0.8159028727770178,1.95817
123,logistic,10,5,0.001,0.1,0.5794573643410853,0.28972868217054265,0.33577083708911726,0.5,0.5794573643410853,0.36687116564417177,0.42517239739382695,0.52199
124,logistic,10,5,0.001,0.01,0.5794573643410853,0.28972868217054265,0.33577083708911726,0.5,0.5794573643410853,0.36687116564417177,0.42517239739382695,0.68537
125,logistic,10,5,0.001,0.001,0.8260658914728682,0.8218767407315715,0.8257802675586889,0.820611716474269,0.8260658914728682,0.8212144492358058,0.8258946640997955,2.87548
126,logistic,10,10,0.0001,0.1,0.5794573643410853,0.28972868217054265,0.33577083708911726,0.5,0.5794573643410853,0.36687116564417177,0.42517239739382695,0.63126
127,logistic,10,10,0.0001,0.01,0.8025678294573644,0.8000211322216546,0.8108694009659764,0.8073657583650571,0.8025678294573644,0.800648943293989,0.8037570650796044,3.46907
128,logistic,10,10,0.0001,0.001,0.8178294573643411,0.8173496285645818,0.817661898100933,0.8061587781082873,0.8178294573643411,0.8101158784841842,0.8161977387550771,2.74084
129,logistic,10,10,0.001,0.1,0.5794573643410853,0.28972868217054265,0.33577083708911726,0.5,0.5794573643410853,0.36687116564417177,0.42517239739382695,0.72136
130,logistic,10,10,0.001,0.01,0.7858527131782945,0.8186834350865706,0.8075589755969894,0.755028281676248,0.7858527131782945,0.7624368781560922,0.7742893378586885,3.38142
131,logistic,10,10,0.001,0.001,0.8236434108527132,0.8213065990966177,0.8230485860420707,0.8146509871615061,0.8236434108527132,0.8173202614379085,0.8227212848963875,3.07758
132,logistic,10,20,0.0001,0.1,0.5794573643410853,0.28972868217054265,0.33577083708911726,0.5,0.5794573643410853,0.36687116564417177,0.42517239739382695,1.16708
133,logistic,10,20,0.0001,0.01,0.8108042635658915,0.805642164609405,0.8120800674904983,0.8084696684801874,0.8108042635658915,0.8068451198222191,0.8112397023871075,3.77335
134,logistic,10,20,0.0001,0.001,0.8175872093023255,0.8127981384663776,0.820536144546136,0.8177979979347441,0.8175872093023255,0.8145181082969442,0.8183096907066056,3.92153
135,logistic,10,20,0.001,0.1,0.5794573643410853,0.28972868217054265,0.33577083708911726,0.5,0.5794573643410853,0.36687116564417177,0.42517239739382695,0.89679
136,logistic,10,20,0.001,0.01,0.5794573643410853,0.28972868217054265,0.33577083708911726,0.5,0.5794573643410853,0.36687116564417177,0.42517239739382695,0.78547
137,logistic,10,20,0.001,0.001,0.8219476744186046,0.8191168658877584,0.8213015840009762,0.8135037297905461,0.8219476744186046,0.8158191627398758,0.8211582114267897,2.81461
138,logistic,10,50,0.0001,0.1,0.5794573643410853,0.28972868217054265,0.33577083708911726,0.5,0.5794573643410853,0.36687116564417177,0.42517239739382695,1.41673
139,logistic,10,50,0.0001,0.01,0.5843023255813954,0.7197909407665505,0.6979636982416335,0.5060763219949755,0.5843023255813954,0.38144278043934765,0.43773544609636256,1.69156
140,logistic,10,50,0.0001,0.001,0.8229166666666666,0.82608867707638,0.8242792520078827,0.8085737018941788,0.8229166666666666,0.8140170940170941,0.8204823428079243,11.59074
141,logistic,10,50,0.001,0.1,0.5794573643410853,0.28972868217054265,0.33577083708911726,0.5,0.5794573643410853,0.36687116564417177,0.42517239739382695,2.94283
142,logistic,10,50,0.001,0.01,0.5794573643410853,0.28972868217054265,0.33577083708911726,0.5,0.5794573643410853,0.36687116564417177,0.42517239739382695,2.91182
143,logistic,10,50,0.001,0.001,0.8238856589147286,0.8239947863229706,0.8239244645353413,0.8121744139451013,0.8238856589147286,0.8163347626640816,0.8222527888772531,9.70362
144,logistic,20,5,0.0001,0.1,0.5794573643410853,0.28972868217054265,0.33577083708911726,0.5,0.5794573643410853,0.36687116564417177,0.42517239739382695,0.70131
145,logistic,20,5,0.0001,0.01,0.8214631782945736,0.8249450858079688,0.822986139556865,0.8067666029622551,0.8214631782945736,0.8123226955331257,0.8189046457982299,4.61365
146,logistic,20,5,0.0001,0.001,0.8197674418604651,0.8191771275434362,0.8195659289409974,0.8083839372408798,0.8197674418604651,0.812250169762909,0.8182203035353023,2.67772
147,logistic,20,5,0.001,0.1,0.5794573643410853,0.28972868217054265,0.33577083708911726,0.5,0.5794573643410853,0.36687116564417177,0.42517239739382695,0.60534
148,logistic,20,5,0.001,0.01,0.5794573643410853,0.28972868217054265,0.33577083708911726,0.5,0.5794573643410853,0.36687116564417177,0.42517239739382695,0.70104
149,logistic,20,5,0.001,0.001,0.8195251937984496,0.8225174788849061,0.8208164918686883,0.8050153738267343,0.8195251937984496,0.8104129253288828,0.8170180613687015,3.30757
150,logistic,20,10,0.0001,0.1,0.5794573643410853,0.28972868217054265,0.33577083708911726,0.5,0.5794573643410853,0.36687116564417177,0.42517239739382695,1.14309
151,logistic,20,10,0.0001,0.01,0.8168604651162791,0.8173847179178909,0.8170602746746293,0.8041378327142703,0.8168604651162791,0.8085913953565396,0.8149136678068765,3.93566
152,logistic,20,10,0.0001,0.001,0.8183139534883721,0.8197582095221163,0.8188937643048387,0.8049180833192053,0.8183139534883721,0.8097462989018379,0.8161622594141283,3.37097
153,logistic,20,10,0.001,0.1,0.5794573643410853,0.28972868217054265,0.33577083708911726,0.5,0.5794573643410853,0.36687116564417177,0.42517239739382695,0.73454
154,logistic,20,10,0.001,0.01,0.5794573643410853,0.28972868217054265,0.33577083708911726,0.5,0.5794573643410853,0.36687116564417177,0.42517239739382695,0.96069
155,logistic,20,10,0.001,0.001,0.8221899224806202,0.8176736111111111,0.8220823912575366,0.8172672348689178,0.8221899224806202,0.817467141155197,0.8221330215007959,2.67046
156,logistic,20,20,0.0001,0.1,0.5794573643410853,0.28972868217054265,0.33577083708911726,0.5,0.5794573643410853,0.36687116564417177,0.42517239739382695,1.11818
157,logistic,20,20,0.0001,0.01,0.5794573643410853,0.28972868217054265,0.33577083708911726,0.5,0.5794573643410853,0.36687116564417177,0.42517239739382695,0.78493
158,logistic,20,20,0.0001,0.001,0.8127422480620154,0.824922057233809,0.8194117435671218,0.7922115577269855,0.8127422480620154,0.7997094449230537,0.8078286461188363,3.20371
159,logistic,20,20,0.001,0.1,0.5794573643410853,0.28972868217054265,0.33577083708911726,0.5,0.5794573643410853,0.36687116564417177,0.42517239739382695,0.81797
160,logistic,20,20,0.001,0.01,0.5794573643410853,0.28972868217054265,0.33577083708911726,0.5,0.5794573643410853,0.36687116564417177,0.42517239739382695,1.2187
161,logistic,20,20,0.001,0.001,0.8151647286821705,0.8225548113895791,0.8188653941475244,0.7973824037112958,0.8151647286821705,0.8040054239662471,0.8114374076146185,3.27907
162,logistic,20,50,0.0001,0.1,0.5794573643410853,0.28972868217054265,0.33577083708911726,0.5,0.5794573643410853,0.36687116564417177,0.42517239739382695,2.00775
163,logistic,20,50,0.0001,0.01,0.8221899224806202,0.8217493517097814,0.8220395268359564,0.8108691799084506,0.8221899224806202,0.8147736889865258,0.8206635790254191,10.95115
164,logistic,20,50,0.0001,0.001,0.8158914728682171,0.819157806962685,0.8173357702569273,0.800853073994729,0.8158914728682171,0.8063566147170158,0.8131850720829417,7.52336
165,logistic,20,50,0.001,0.1,0.5794573643410853,0.28972868217054265,0.33577083708911726,0.5,0.5794573643410853,0.36687116564417177,0.42517239739382695,2.72211
166,logistic,20,50,0.001,0.01,0.8151647286821705,0.8186380677542768,0.8167168953838706,0.7999100303623445,0.8151647286821705,0.8054819550444928,0.8123786971794729,6.15104
167,logistic,20,50,0.001,0.001,0.8231589147286822,0.826843308565363,0.8247739914790081,0.8084667786631321,0.8231589147286822,0.8140843402037432,0.8206116657392257,6.71373
168,logistic,50,5,0.0001,0.1,0.5794573643410853,0.28972868217054265,0.33577083708911726,0.5,0.5794573643410853,0.36687116564417177,0.42517239739382695,1.19889
169,logistic,50,5,0.0001,0.01,0.7919089147286822,0.8219910032012442,0.8114381422183561,0.7625446958371223,0.7919089147286822,0.7704174399644161,0.7815800745213113,3.25632
170,logistic,50,5,0.0001,0.001,0.8032945736434108,0.8014220681296069,0.8127958053245642,0.809019696993049,0.8032945736434108,0.8015955526249434,0.8045132431697463,4.44923
171,logistic,50,5,0.001,0.1,0.5794573643410853,0.28972868217054265,0.33577083708911726,0.5,0.5794573643410853,0.36687116564417177,0.42517239739382695,0.85852
172,logistic,50,5,0.001,0.01,0.5794573643410853,0.28972868217054265,0.33577083708911726,0.5,0.5794573643410853,0.36687116564417177,0.42517239739382695,0.86734
173,logistic,50,5,0.001,0.001,0.8229166666666666,0.8229630481265379,0.8229331598773477,0.8111803168780729,0.8229166666666666,0.8153242249070751,0.8212748124749271,4.42173
174,logistic,50,10,0.0001,0.1,0.5794573643410853,0.28972868217054265,0.33577083708911726,0.5,0.5794573643410853,0.36687116564417177,0.42517239739382695,1.0482
175,logistic,50,10,0.0001,0.01,0.5794573643410853,0.28972868217054265,0.33577083708911726,0.5,0.5794573643410853,0.36687116564417177,0.42517239739382695,1.34437
176,logistic,50,10,0.0001,0.001,0.8137112403100775,0.8226153645555516,0.818326740836733,0.7949433981166099,0.8137112403100775,0.801874175017162,0.8095700271798504,3.67934
177,logistic,50,10,0.001,0.1,0.5794573643410853,0.28972868217054265,0.33577083708911726,0.5,0.5794573643410853,0.36687116564417177,0.42517239739382695,1.47616
178,logistic,50,10,0.001,0.01,0.8141957364341085,0.809305373525557,0.816907454255438,0.8140027048687637,0.8141957364341085,0.8109730210927695,0.8148952868885363,4.74449
179,logistic,50,10,0.001,0.001,0.8209786821705426,0.8161017528253685,0.821451695384623,0.8174858976927701,0.8209786821705426,0.8167510499478743,0.821174218589135,2.87609
180,logistic,50,20,0.0001,0.1,0.5794573643410853,0.28972868217054265,0.33577083708911726,0.5,0.5794573643410853,0.36687116564417177,0.42517239739382695,1.07935
181,logistic,50,20,0.0001,0.01,0.7880329457364341,0.8176237096237097,0.807287425752542,0.7584103309033183,0.7880329457364341,0.7659878348659337,0.7774018780632883,7.35759
182,logistic,50,20,0.0001,0.001,0.8231589147286822,0.8254654912007197,0.8241096541347191,0.8094936269901207,0.8231589147286822,0.8146190050954183,0.8209420081647424,3.82539
183,logistic,50,20,0.001,0.1,0.5794573643410853,0.28972868217054265,0.33577083708911726,0.5,0.5794573643410853,0.36687116564417177,0.42517239739382695,1.77249
184,logistic,50,20,0.001,0.01,0.5794573643410853,0.28972868217054265,0.33577083708911726,0.5,0.5794573643410853,0.36687116564417177,0.42517239739382695,1.48212
185,logistic,50,20,0.001,0.001,0.8175872093023255,0.8205203759119764,0.8188587547583227,0.8029481913598323,0.8175872093023255,0.8083342710927266,0.8150265836235941,4.08086
186,logistic,50,50,0.0001,0.1,0.5794573643410853,0.28972868217054265,0.33577083708911726,0.5,0.5794573643410853,0.36687116564417177,0.42517239739382695,3.51874
187,logistic,50,50,0.0001,0.01,0.5794573643410853,0.28972868217054265,0.33577083708911726,0.5,0.5794573643410853,0.36687116564417177,0.42517239739382695,3.61903
188,logistic,50,50,0.0001,0.001,0.8146802325581395,0.820831824288802,0.8176741997384775,0.7975962501733891,0.8146802325581395,0.8039203876737433,0.8112197240172426,8.17863
189,logistic,50,50,0.001,0.1,0.5794573643410853,0.28972868217054265,0.33577083708911726,0.5,0.5794573643410853,0.36687116564417177,0.42517239739382695,3.52524
190,logistic,50,50,0.001,0.01,0.8260658914728682,0.8230286637621347,0.8254584459307216,0.8183210548217561,0.8260658914728682,0.8203230652277498,0.8254277996678551,6.93013
191,logistic,50,50,0.001,0.001,0.8171027131782945,0.818315770774735,0.8175857104231158,0.8037939444846878,0.8171027131782945,0.8085396745535686,0.8149742144594337,7.56565
192,tanh,5,5,0.0001,0.1,0.5794573643410853,0.28972868217054265,0.33577083708911726,0.5,0.5794573643410853,0.36687116564417177,0.42517239739382695,0.52619
193,tanh,5,5,0.0001,0.01,0.5794573643410853,0.28972868217054265,0.33577083708911726,0.5,0.5794573643410853,0.36687116564417177,0.42517239739382695,0.74939
194,tanh,5,5,0.0001,0.001,0.812015503875969,0.8191172920087417,0.8155771909334386,0.794112094077031,0.812015503875969,0.8006416155947391,0.8082088272706892,4.5798
195,tanh,5,5,0.001,0.1,0.5794573643410853,0.28972868217054265,0.33577083708911726,0.5,0.5794573643410853,0.36687116564417177,0.42517239739382695,0.59941
196,tanh,5,5,0.001,0.01,0.5794573643410853,0.28972868217054265,0.33577083708911726,0.5,0.5794573643410853,0.36687116564417177,0.42517239739382695,0.69567
197,tanh,5,5,0.001,0.001,0.8166182170542635,0.8143798862640206,0.8159934521963277,0.8068513709292111,0.8166182170542635,0.8097741594096898,0.8155081336304311,4.59226
198,tanh,5,10,0.0001,0.1,0.5794573643410853,0.28972868217054265,0.33577083708911726,0.5,0.5794573643410853,0.36687116564417177,0.42517239739382695,0.54295
199,tanh,5,10,0.0001,0.01,0.5794573643410853,0.28972868217054265,0.33577083708911726,0.5,0.5794573643410853,0.36687116564417177,0.42517239739382695,0.79006
200,tanh,5,10,0.0001,0.001,0.5794573643410853,0.28972868217054265,0.33577083708911726,0.5,0.5794573643410853,0.36687116564417177,0.42517239739382695,0.69681
201,tanh,5,10,0.001,0.1,0.5794573643410853,0.28972868217054265,0.33577083708911726,0.5,0.5794573643410853,0.36687116564417177,0.42517239739382695,0.72653
202,tanh,5,10,0.001,0.01,0.5794573643410853,0.28972868217054265,0.33577083708911726,0.5,0.5794573643410853,0.36687116564417177,0.42517239739382695,1.28427
203,tanh,5,10,0.001,0.001,0.5789728682170543,0.45633187772925765,0.47587815804023786,0.49973991646502164,0.5789728682170543,0.3677431317233534,0.42581802993788304,1.40581
204,tanh,5,20,0.0001,0.1,0.5794573643410853,0.28972868217054265,0.33577083708911726,0.5,0.5794573643410853,0.36687116564417177,0.42517239739382695,0.57745
205,tanh,5,20,0.0001,0.01,0.5794573643410853,0.28972868217054265,0.33577083708911726,0.5,0.5794573643410853,0.36687116564417177,0.42517239739382695,1.02181
206,tanh,5,20,0.0001,0.001,0.811531007751938,0.8169147754587802,0.8141206681678874,0.7946418938705053,0.811531007751938,0.8007551934438727,0.808118666554384,6.76904
207,tanh,5,20,0.001,0.1,0.5794573643410853,0.28972868217054265,0.33577083708911726,0.5,0.5794573643410853,0.36687116564417177,0.42517239739382695,0.61663
208,tanh,5,20,0.001,0.01,0.5794573643410853,0.28972868217054265,0.33577083708911726,0.5,0.5794573643410853,0.36687116564417177,0.42517239739382695,1.33289
209,tanh,5,20,0.001,0.001,0.8236434108527132,0.8206545568430943,0.8230111532737553,0.8155988471556495,0.8236434108527132,0.817722344501508,0.8229430696713879,5.38129
210,tanh,5,50,0.0001,0.1,0.5794573643410853,0.28972868217054265,0.33577083708911726,0.5,0.5794573643410853,0.36687116564417177,0.42517239739382695,1.65935
211,tanh,5,50,0.0001,0.01,0.5794573643410853,0.28972868217054265,0.33577083708911726,0.5,0.5794573643410853,0.36687116564417177,0.42517239739382695,3.51383
212,tanh,5,50,0.0001,0.001,0.5794573643410853,0.5397479398933591,0.5460644729771875,0.5000789883328453,0.5794573643410853,0.36740569004096285,0.42560899478610104,1.4611
213,tanh,5,50,0.001,0.1,0.5794573643410853,0.28972868217054265,0.33577083708911726,0.5,0.5794573643410853,0.36687116564417177,0.42517239739382695,1.80298
214,tanh,5,50,0.001,0.01,0.5794573643410853,0.28972868217054265,0.33577083708911726,0.5,0.5794573643410853,0.36687116564417177,0.42517239739382695,2.38806
215,tanh,5,50,0.001,0.001,0.8190406976744186,0.8140382401360031,0.8199192654858249,0.8162875868871662,0.8190406976744186,0.8150415053801494,0.8193635319782393,22.27702
216,tanh,10,5,0.0001,0.1,0.5794573643410853,0.28972868217054265,0.33577083708911726,0.5,0.5794573643410853,0.36687116564417177,0.42517239739382695,0.78176
217,tanh,10,5,0.0001,0.01,0.5794573643410853,0.28972868217054265,0.33577083708911726,0.5,0.5794573643410853,0.36687116564417177,0.42517239739382695,0.98523
218,tanh,10,5,0.0001,0.001,0.815406976744186,0.8104072165879603,0.8175373093324909,0.814494937040519,0.815406976744186,0.8119712929986336,0.8160103763984229,1.33963
219,tanh,10,5,0.001,0.1,0.5794573643410853,0.28972868217054265,0.33577083708911726,0.5,0.5794573643410853,0.36687116564417177,0.42517239739382695,0.61999
220,tanh,10,5,0.001,0.01,0.5794573643410853,0.28972868217054265,0.33577083708911726,0.5,0.5794573643410853,0.36687116564417177,0.42517239739382695,0.56461
221,tanh,10,5,0.001,0.001,0.5792151162790697,0.28967773200872304,0.33571179019615577,0.49979096989966554,0.5792151162790697,0.36677404509894157,0.4250598429635021,0.60297
222,tanh,10,10,0.0001,0.1,0.5794573643410853,0.28972868217054265,0.33577083708911726,0.5,0.5794573643410853,0.36687116564417177,0.42517239739382695,0.86109
223,tanh,10,10,0.0001,0.01,0.5794573643410853,0.28972868217054265,0.33577083708911726,0.5,0.5794573643410853,0.36687116564417177,0.42517239739382695,0.53351
224,tanh,10,10,0.0001,0.001,0.8258236434108527,0.8243194610016938,0.8253850589071022,0.8159793397345991,0.8258236434108527,0.8191845444903876,0.824690548146298,2.3017
225,tanh,10,10,0.001,0.1,0.5794573643410853,0.28972868217054265,0.33577083708911726,0.5,0.5794573643410853,0.36687116564417177,0.42517239739382695,0.67017
226,tanh,10,10,0.001,0.01,0.5794573643410853,0.28972868217054265,0.33577083708911726,0.5,0.5794573643410853,0.36687116564417177,0.42517239739382695,0.97107
227,tanh,10,10,0.001,0.001,0.5794573643410853,0.28972868217054265,0.33577083708911726,0.5,0.5794573643410853,0.36687116564417177,0.42517239739382695,0.8985
228,tanh,10,20,0.0001,0.1,0.42054263565891475,0.21027131782945738,0.1768561084069467,0.5,0.42054263565891475,0.296043656207367,0.2489979589030955,0.66841
229,tanh,10,20,0.0001,0.01,0.5794573643410853,0.28972868217054265,0.33577083708911726,0.5,0.5794573643410853,0.36687116564417177,0.42517239739382695,0.75726
230,tanh,10,20,0.0001,0.001,0.8207364341085271,0.8165375490548437,0.8203420636891204,0.8147492409413868,0.8207364341085271,0.815583939517096,0.8204825430706886,5.64495
231,tanh,10,20,0.001,0.1,0.5794573643410853,0.28972868217054265,0.33577083708911726,0.5,0.5794573643410853,0.36687116564417177,0.42517239739382695,0.90865
232,tanh,10,20,0.001,0.01,0.5794573643410853,0.28972868217054265,0.33577083708911726,0.5,0.5794573643410853,0.36687116564417177,0.42517239739382695,0.96214
233,tanh,10,20,0.001,0.001,0.5792151162790697,0.5040212153776823,0.5160112977771257,0.5000279348982014,0.5792151162790697,0.3683724831549664,0.4263652577165647,1.69816
234,tanh,10,50,0.0001,0.1,0.42054263565891475,0.21027131782945738,0.1768561084069467,0.5,0.42054263565891475,0.296043656207367,0.2489979589030955,1.70864
235,tanh,10,50,0.0001,0.01,0.5794573643410853,0.28972868217054265,0.33577083708911726,0.5,0.5794573643410853,0.36687116564417177,0.42517239739382695,3.98274
236,tanh,10,50,0.0001,0.001,0.5794573643410853,0.28972868217054265,0.33577083708911726,0.5,0.5794573643410853,0.36687116564417177,0.42517239739382695,1.76384
237,tanh,10,50,0.001,0.1,0.42054263565891475,0.21027131782945738,0.1768561084069467,0.5,0.42054263565891475,0.296043656207367,0.2489979589030955,2.13514
238,tanh,10,50,0.001,0.01,0.5794573643410853,0.28972868217054265,0.33577083708911726,0.5,0.5794573643410853,0.36687116564417177,0.42517239739382695,2.42591
239,tanh,10,50,0.001,0.001,0.5799418604651163,0.6232411450752062,0.6163401900936175,0.5007340135320499,0.5799418604651163,0.36919826835920305,0.42713950742939544,3.13683
240,tanh,20,5,0.0001,0.1,0.5794573643410853,0.28972868217054265,0.33577083708911726,0.5,0.5794573643410853,0.36687116564417177,0.42517239739382695,1.31038
241,tanh,20,5,0.0001,0.01,0.5794573643410853,0.28972868217054265,0.33577083708911726,0.5,0.5794573643410853,0.36687116564417177,0.42517239739382695,0.56601
242,tanh,20,5,0.0001,0.001,0.8158914728682171,0.8108810971665157,0.8164709040718151,0.8124643589229844,0.8158914728682171,0.8116143753565316,0.8161252691952223,5.21271
243,tanh,20,5,0.001,0.1,0.5794573643410853,0.28972868217054265,0.33577083708911726,0.5,0.5794573643410853,0.36687116564417177,0.42517239739382695,0.75163
244,tanh,20,5,0.001,0.01,0.5794573643410853,0.28972868217054265,0.33577083708911726,0.5,0.5794573643410853,0.36687116564417177,0.42517239739382695,1.13862
245,tanh,20,5,0.001,0.001,0.8168604651162791,0.8269749118805723,0.8221807810443177,0.797739777753803,0.8168604651162791,0.804951804951805,0.8126107079595452,2.42681
246,tanh,20,10,0.0001,0.1,0.5794573643410853,0.28972868217054265,0.33577083708911726,0.5,0.5794573643410853,0.36687116564417177,0.42517239739382695,0.81083
247,tanh,20,10,0.0001,0.01,0.5794573643410853,0.28972868217054265,0.33577083708911726,0.5,0.5794573643410853,0.36687116564417177,0.42517239739382695,0.81623
248,tanh,20,10,0.0001,0.001,0.8217054263565892,0.8239977944992216,0.8226551217299655,0.8079234930567329,0.8217054263565892,0.8130545218264517,0.8194452801279947,2.34539
249,tanh,20,10,0.001,0.1,0.5794573643410853,0.28972868217054265,0.33577083708911726,0.5,0.5794573643410853,0.36687116564417177,0.42517239739382695,0.69683
250,tanh,20,10,0.001,0.01,0.5794573643410853,0.28972868217054265,0.33577083708911726,0.5,0.5794573643410853,0.36687116564417177,0.42517239739382695,1.45187
251,tanh,20,10,0.001,0.001,0.7969961240310077,0.8076461704654775,0.8028870216500741,0.7757020328899711,0.7969961240310077,0.7826076792265723,0.7914954568082199,2.58339
252,tanh,20,20,0.0001,0.1,0.5794573643410853,0.28972868217054265,0.33577083708911726,0.5,0.5794573643410853,0.36687116564417177,0.42517239739382695,0.67729
253,tanh,20,20,0.0001,0.01,0.5794573643410853,0.28972868217054265,0.33577083708911726,0.5,0.5794573643410853,0.36687116564417177,0.42517239739382695,1.35502
254,tanh,20,20,0.0001,0.001,0.8212209302325582,0.8173868277748233,0.8206789366914123,0.8144564061464483,0.8212209302325582,0.8157709434598488,0.820806424196324,6.82532
255,tanh,20,20,0.001,0.1,0.5794573643410853,0.28972868217054265,0.33577083708911726,0.5,0.5794573643410853,0.36687116564417177,0.42517239739382695,0.71814
256,tanh,20,20,0.001,0.01,0.5794573643410853,0.28972868217054265,0.33577083708911726,0.5,0.5794573643410853,0.36687116564417177,0.42517239739382695,1.4849
257,tanh,20,20,0.001,0.001,0.814437984496124,0.8222245496439045,0.8183781740889767,0.796360371746066,0.814437984496124,0.8030652104591837,0.8105859158707088,4.04161
258,tanh,20,50,0.0001,0.1,0.42054263565891475,0.21027131782945738,0.1768561084069467,0.5,0.42054263565891475,0.296043656207367,0.2489979589030955,1.76139
259,tanh,20,50,0.0001,0.01,0.5794573643410853,0.28972868217054265,0.33577083708911726,0.5,0.5794573643410853,0.36687116564417177,0.42517239739382695,3.9775
260,tanh,20,50,0.0001,0.001,0.813953488372093,0.8195878852179103,0.8166637045764101,0.7971271365380762,0.813953488372093,0.8033161806746713,0.8105850076012429,4.79315
261,tanh,20,50,0.001,0.1,0.5794573643410853,0.28972868217054265,0.33577083708911726,0.5,0.5794573643410853,0.36687116564417177,0.42517239739382695,1.99402
262,tanh,20,50,0.001,0.01,0.5794573643410853,0.28972868217054265,0.33577083708911726,0.5,0.5794573643410853,0.36687116564417177,0.42517239739382695,4.39969
263,tanh,20,50,0.001,0.001,0.8258236434108527,0.8243872022623867,0.8254004338681864,0.815900351401754,0.8258236434108527,0.8191496407861909,0.8246706316081053,8.17821
264,tanh,50,5,0.0001,0.1,0.5794573643410853,0.28972868217054265,0.33577083708911726,0.5,0.5794573643410853,0.36687116564417177,0.42517239739382695,1.05402
265,tanh,50,5,0.0001,0.01,0.5794573643410853,0.28972868217054265,0.33577083708911726,0.5,0.5794573643410853,0.36687116564417177,0.42517239739382695,0.71188
266,tanh,50,5,0.0001,0.001,0.8224321705426356,0.8234853459765035,0.8228372380172002,0.8097354083504154,0.8224321705426356,0.8143559540815322,0.8205092618614206,2.97556
267,tanh,50,5,0.001,0.1,0.5794573643410853,0.28972868217054265,0.33577083708911726,0.5,0.5794573643410853,0.36687116564417177,0.42517239739382695,0.84553
268,tanh,50,5,0.001,0.01,0.5794573643410853,0.28972868217054265,0.33577083708911726,0.5,0.5794573643410853,0.36687116564417177,0.42517239739382695,1.31726
269,tanh,50,5,0.001,0.001,0.8161337209302325,0.8110713481586669,0.8176867197486012,0.8144111323459149,0.8161337209302325,0.8124438683344405,0.816624426715856,3.92424
270,tanh,50,10,0.0001,0.1,0.5794573643410853,0.28972868217054265,0.33577083708911726,0.5,0.5794573643410853,0.36687116564417177,0.42517239739382695,1.00985
271,tanh,50,10,0.0001,0.01,0.5159883720930233,0.610866331506901,0.6346583580265889,0.5680609712867777,0.5159883720930233,0.48708008664685243,0.4677292343481911,0.87063
272,tanh,50,10,0.0001,0.001,0.8037790697674418,0.8024852071005917,0.8142737336207819,0.8102276405221707,0.8037790697674418,0.8022414153677857,0.8050125727473858,3.71098
273,tanh,50,10,0.001,0.1,0.5794573643410853,0.28972868217054265,0.33577083708911726,0.5,0.5794573643410853,0.36687116564417177,0.42517239739382695,0.9313
274,tanh,50,10,0.001,0.01,0.5794573643410853,0.28972868217054265,0.33577083708911726,0.5,0.5794573643410853,0.36687116564417177,0.42517239739382695,2.34335
275,tanh,50,10,0.001,0.001,0.7906976744186046,0.8164005603378739,0.8070540563672306,0.7626053819952838,0.7906976744186046,0.7703045773545797,0.7811808957887264,3.59232
276,tanh,50,20,0.0001,0.1,0.42054263565891475,0.21027131782945738,0.1768561084069467,0.5,0.42054263565891475,0.296043656207367,0.2489979589030955,1.4761
277,tanh,50,20,0.0001,0.01,0.5794573643410853,0.28972868217054265,0.33577083708911726,0.5,0.5794573643410853,0.36687116564417177,0.42517239739382695,0.90658
278,tanh,50,20,0.0001,0.001,0.8219476744186046,0.8242089210827297,0.8228821072976974,0.8082115114899127,0.8219476744186046,0.8133289117528624,0.8197031037581914,4.85434
279,tanh,50,20,0.001,0.1,0.5794573643410853,0.28972868217054265,0.33577083708911726,0.5,0.5794573643410853,0.36687116564417177,0.42517239739382695,0.83694
280,tanh,50,20,0.001,0.01,0.5794573643410853,0.28972868217054265,0.33577083708911726,0.5,0.5794573643410853,0.36687116564417177,0.42517239739382695,1.3968
281,tanh,50,20,0.001,0.001,0.812984496124031,0.8079341979483228,0.8150132483826487,0.8118517177072577,0.812984496124031,0.8094526964568234,0.8135752241822474,3.91303
282,tanh,50,50,0.0001,0.1,0.5794573643410853,0.28972868217054265,0.33577083708911726,0.5,0.5794573643410853,0.36687116564417177,0.42517239739382695,2.9593
283,tanh,50,50,0.0001,0.01,0.5794573643410853,0.28972868217054265,0.33577083708911726,0.5,0.5794573643410853,0.36687116564417177,0.42517239739382695,3.93746
284,tanh,50,50,0.0001,0.001,0.8214631782945736,0.8261994966193478,0.8236317075110405,0.8058977313009571,0.8214631782945736,0.8118518394831877,0.8186096511233476,7.77899
285,tanh,50,50,0.001,0.1,0.5794573643410853,0.28972868217054265,0.33577083708911726,0.5,0.5794573643410853,0.36687116564417177,0.42517239739382695,4.57729
286,tanh,50,50,0.001,0.01,0.5794573643410853,0.28972868217054265,0.33577083708911726,0.5,0.5794573643410853,0.36687116564417177,0.42517239739382695,4.03393
287,tanh,50,50,0.001,0.001,0.8125,0.8267744772549517,0.8205317725354528,0.7909756792996625,0.8125,0.7987774509865666,0.8071280930578211,9.01937
288,relu,5,5,0.0001,0.1,0.5794573643410853,0.28972868217054265,0.33577083708911726,0.5,0.5794573643410853,0.36687116564417177,0.42517239739382695,0.50837
289,relu,5,5,0.0001,0.01,0.8214631782945736,0.8180302954532426,0.8208382395229598,0.8139545412511752,0.8214631782945736,0.8157158819919603,0.8208876602834753,2.88616
290,relu,5,5,0.0001,0.001,0.7979651162790697,0.7942535667841459,0.8040712138352347,0.8007875714748085,0.7979651162790697,0.7955134449349255,0.7990716228149225,2.87014
291,relu,5,5,0.001,0.1,0.5794573643410853,0.28972868217054265,0.33577083708911726,0.5,0.5794573643410853,0.36687116564417177,0.42517239739382695,0.55655
292,relu,5,5,0.001,0.01,0.813468992248062,0.8214203308343857,0.8175160807500831,0.795208298013347,0.813468992248062,0.8019387391914243,0.8095329620881656,1.85275
293,relu,5,5,0.001,0.001,0.8183139534883721,0.8181829096497406,0.8182668596088639,0.8063398733104203,0.8183139534883721,0.8104658133220495,0.816594837070987,4.48734
294,relu,5,10,0.0001,0.1,0.5794573643410853,0.28972868217054265,0.33577083708911726,0.5,0.5794573643410853,0.36687116564417177,0.42517239739382695,0.56432
295,relu,5,10,0.0001,0.01,0.5794573643410853,0.28972868217054265,0.33577083708911726,0.5,0.5794573643410853,0.36687116564417177,0.42517239739382695,0.95144
296,relu,5,10,0.0001,0.001,0.8234011627906976,0.8239012362384373,0.8235851975277271,0.8112824237473606,0.8234011627906976,0.8156394897376245,0.8216508917716459,4.18733
297,relu,5,10,0.001,0.1,0.5794573643410853,0.28972868217054265,0.33577083708911726,0.5,0.5794573643410853,0.36687116564417177,0.42517239739382695,0.53786
298,relu,5,10,0.001,0.01,0.8248546511627907,0.8228477551407603,0.8243138172682123,0.8155381609974878,0.8248546511627907,0.8184214488896919,0.8238528268705835,4.4575
299,relu,5,10,0.001,0.001,0.7943313953488372,0.8170854809005017,0.8084970573551093,0.7676365534885872,0.7943313953488372,0.7754505744806609,0.7857979583482664,3.63655
300,relu,5,20,0.0001,0.1,0.5794573643410853,0.28972868217054265,0.33577083708911726,0.5,0.5794573643410853,0.36687116564417177,0.42517239739382695,0.56112
301,relu,5,20,0.0001,0.01,0.7834302325581395,0.787645545085457,0.8023542951807776,0.7944858437495184,0.7834302325581395,0.782732083853479,0.7846892870597071,2.63805
302,relu,5,20,0.0001,0.001,0.784156976744186,0.7835217651879534,0.7957776116846782,0.7908475640768768,0.784156976744186,0.7826387348675719,0.7855255947836848,3.7398
303,relu,5,20,0.001,0.1,0.5794573643410853,0.28972868217054265,0.33577083708911726,0.5,0.5794573643410853,0.36687116564417177,0.42517239739382695,0.59709
304,relu,5,20,0.001,0.01,0.7982073643410853,0.8179232164593924,0.8101599517597469,0.7730347317479155,0.7982073643410853,0.7808741687012422,0.7906679467716444,2.24444
305,relu,5,20,0.001,0.001,0.5794573643410853,0.28972868217054265,0.33577083708911726,0.5,0.5794573643410853,0.36687116564417177,0.42517239739382695,0.64348
306,relu,5,50,0.0001,0.1,0.5794573643410853,0.28972868217054265,0.33577083708911726,0.5,0.5794573643410853,0.36687116564417177,0.42517239739382695,2.07716
307,relu,5,50,0.0001,0.01,0.8197674418604651,0.8221065449010654,0.8207462154731987,0.8057773222569857,0.8197674418604651,0.8109396776306395,0.817431845046296,5.24422
308,relu,5,50,0.0001,0.001,0.5792151162790697,0.48971622604899345,0.5039734557699576,0.4999489465653561,0.5792151162790697,0.36784101373448713,0.42593125724904357,1.90215
309,relu,5,50,0.001,0.1,0.5794573643410853,0.28972868217054265,0.33577083708911726,0.5,0.5794573643410853,0.36687116564417177,0.42517239739382695,2.57373
310,relu,5,50,0.001,0.01,0.8294573643410853,0.8281803797468354,0.8290830757531156,0.8196677095695328,0.8294573643410853,0.8229396970228695,0.8283381689430079,6.69645
311,relu,5,50,0.001,0.001,0.8158914728682171,0.8114061591273387,0.8198612333055462,0.817203658893701,0.8158914728682171,0.8131278896474825,0.8167392653303549,11.0266
312,relu,10,5,0.0001,0.1,0.5794573643410853,0.28972868217054265,0.33577083708911726,0.5,0.5794573643410853,0.36687116564417177,0.42517239739382695,0.53591
313,relu,10,5,0.0001,0.01,0.5794573643410853,0.28972868217054265,0.33577083708911726,0.5,0.5794573643410853,0.36687116564417177,0.42517239739382695,0.93204
314,relu,10,5,0.0001,0.001,0.6761143410852714,0.740634387495257,0.7677311547455454,0.7115220859084814,0.6761143410852714,0.6721664015966571,0.6664492971716439,1.72469
315,relu,10,5,0.001,0.1,0.5794573643410853,0.28972868217054265,0.33577083708911726,0.5,0.5794573643410853,0.36687116564417177,0.42517239739382695,0.71388
316,relu,10,5,0.001,0.01,0.5794573643410853,0.28972868217054265,0.33577083708911726,0.5,0.5794573643410853,0.36687116564417177,0.42517239739382695,0.69186
317,relu,10,5,0.001,0.001,0.8141957364341085,0.8195465593577602,0.81674740478207,0.7975731316369465,0.8141957364341085,0.803688893581796,0.8109061594573113,4.21003
318,relu,10,10,0.0001,0.1,0.5794573643410853,0.28972868217054265,0.33577083708911726,0.5,0.5794573643410853,0.36687116564417177,0.42517239739382695,0.58089
319,relu,10,10,0.0001,0.01,0.7083333333333334,0.8037990340771726,0.782322525267859,0.6561483747668881,0.7083333333333334,0.6411623824201543,0.6658343554319379,1.56938
320,relu,10,10,0.0001,0.001,0.7933624031007752,0.8212776642765678,0.8112708821283056,0.7648257247661174,0.7933624031007752,0.7727584463323962,0.7836322964048473,2.5371
321,relu,10,10,0.001,0.1,0.5794573643410853,0.28972868217054265,0.33577083708911726,0.5,0.5794573643410853,0.36687116564417177,0.42517239739382695,0.54971
322,relu,10,10,0.001,0.01,0.7718023255813954,0.7840456717882034,0.8016589066822079,0.7878488972458118,0.7718023255813954,0.7716683311427388,0.772547334660326,2.7032
323,relu,10,10,0.001,0.001,0.7890019379844961,0.7892747427434486,0.8020575943057934,0.7967659094061619,0.7890019379844961,0.7877182979644446,0.7903415623044875,2.71391
324,relu,10,20,0.0001,0.1,0.5794573643410853,0.28972868217054265,0.33577083708911726,0.5,0.5794573643410853,0.36687116564417177,0.42517239739382695,0.85824
325,relu,10,20,0.0001,0.01,0.8003875968992248,0.8186056984016679,0.8112647434965066,0.7760218393107594,0.8003875968992248,0.7838444048189463,0.793347324262609,2.6248
326,relu,10,20,0.0001,0.001,0.7814922480620154,0.8080373954959705,0.7986550589029346,0.7521346115315259,0.7814922480620154,0.7591998576200192,0.770843016959151,1.94031
327,relu,10,20,0.001,0.1,0.5794573643410853,0.28972868217054265,0.33577083708911726,0.5,0.5794573643410853,0.36687116564417177,0.42517239739382695,0.97897
328,relu,10,20,0.001,0.01,0.8175872093023255,0.8286503285945648,0.8234885887256396,0.7980509147234253,0.8175872093023255,0.8054514798788266,0.8131731467089094,4.52987
329,relu,10,20,0.001,0.001,0.7991763565891473,0.7967942835051486,0.8077987901467201,0.8041233836289937,0.7991763565891473,0.7972824534868203,0.8003962390385159,2.41131
330,relu,10,50,0.0001,0.1,0.5794573643410853,0.28972868217054265,0.33577083708911726,0.5,0.5794573643410853,0.36687116564417177,0.42517239739382695,1.98746
331,relu,10,50,0.0001,0.01,0.7296511627906976,0.7549725644880982,0.7755305341830174,0.751556648120463,0.7296511627906976,0.7295594944127861,0.7287682515718644,3.73904
332,relu,10,50,0.0001,0.001,0.7267441860465116,0.8038341158059468,0.7850205019956085,0.6795385540126073,0.7267441860465116,0.6731169268785804,0.6941572869348979,3.07189
333,relu,10,50,0.001,0.1,0.5794573643410853,0.28972868217054265,0.33577083708911726,0.5,0.5794573643410853,0.36687116564417177,0.42517239739382695,1.42617
334,relu,10,50,0.001,0.01,0.7940891472868217,0.8149574216680927,0.8069236258968991,0.7680594300510148,0.7940891472868217,0.7757666418881819,0.7859527126860698,3.62057
335,relu,10,50,0.001,0.001,0.5801841085271318,0.597728759697168,0.5949229841809457,0.5012589969637655,0.5801841085271318,0.3714097576933247,0.42897847318175575,1.29716
336,relu,20,5,0.0001,0.1,0.8018410852713178,0.801704222456064,0.8017873539438478,0.7883343865111045,0.8018410852713178,0.7926743849066984,0.7996022137536919,1.52004
337,relu,20,5,0.0001,0.01,0.6732073643410853,0.7408313679326901,0.7683849992097663,0.7094876547015396,0.6732073643410853,0.6687848672935084,0.6627027749178053,2.01974
338,relu,20,5,0.0001,0.001,0.7906976744186046,0.7891352133315799,0.8007826505257648,0.796491376785907,0.7906976744186046,0.7889840255591054,0.7920059439780072,2.64423
339,relu,20,5,0.001,0.1,0.5794573643410853,0.28972868217054265,0.33577083708911726,0.5,0.5794573643410853,0.36687116564417177,0.42517239739382695,0.60527
340,relu,20,5,0.001,0.01,0.7732558139534884,0.8087347999628701,0.7972583626738393,0.7402882881494381,0.7732558139534884,0.7464596421648593,0.7595582179423114,1.14533
341,relu,20,5,0.001,0.001,0.7986918604651163,0.8254272606720128,0.8156292592554072,0.7710831419632261,0.7986918604651163,0.7793217025401978,0.7897115828335309,1.96737
342,relu,20,10,0.0001,0.1,0.5794573643410853,0.28972868217054265,0.33577083708911726,0.5,0.5794573643410853,0.36687116564417177,0.42517239739382695,0.8865
343,relu,20,10,0.0001,0.01,0.8183139534883721,0.8169787497617687,0.8178911389749477,0.8076036866359446,0.8183139534883721,0.8110757454453145,0.8169523103911632,1.84416
344,relu,20,10,0.0001,0.001,0.7856104651162791,0.8097695613568778,0.8009551191244904,0.757504854892653,0.7856104651162791,0.7648333376784013,0.775941565550649,1.84612
345,relu,20,10,0.001,0.1,0.5794573643410853,0.28972868217054265,0.33577083708911726,0.5,0.5794573643410853,0.36687116564417177,0.42517239739382695,0.57932
346,relu,20,10,0.001,0.01,0.7882751937984496,0.8237578327627033,0.8119061977522398,0.7569606060139019,0.7882751937984496,0.7645650524357288,0.776438222461641,4.51525
347,relu,20,10,0.001,0.001,0.8013565891472868,0.8002583979328166,0.8009564729683714,0.7887851979717337,0.8013565891472868,0.7926904673479647,0.7994262207844046,2.1148
348,relu,20,20,0.0001,0.1,0.5794573643410853,0.28972868217054265,0.33577083708911726,0.5,0.5794573643410853,0.36687116564417177,0.42517239739382695,0.65228
349,relu,20,20,0.0001,0.01,0.8137112403100775,0.8219009647348784,0.8178976419161978,0.7953383397808362,0.8137112403100775,0.8021221660148621,0.8097322087953038,2.40727
350,relu,20,20,0.0001,0.001,0.7604166666666666,0.769705345951166,0.7861739232771974,0.7744700075520552,0.7604166666666666,0.7601288136529312,0.7614493141914662,2.05691
351,relu,20,20,0.001,0.1,0.5794573643410853,0.28972868217054265,0.33577083708911726,0.5,0.5794573643410853,0.36687116564417177,0.42517239739382695,0.59584
352,relu,20,20,0.001,0.01,0.7979651162790697,0.7989294568402073,0.8121087778424209,0.8066327081053588,0.7979651162790697,0.7968634351917587,0.7992407470117457,3.41994
353,relu,20,20,0.001,0.001,0.8141957364341085,0.819917541736334,0.8169526884359707,0.7973361666384107,0.8141957364341085,0.8035488667987064,0.8108166571013327,3.40343
354,relu,20,50,0.0001,0.1,0.5794573643410853,0.28972868217054265,0.33577083708911726,0.5,0.5794573643410853,0.36687116564417177,0.42517239739382695,1.15029
355,relu,20,50,0.0001,0.01,0.8212209302325582,0.8190638003389199,0.8206361083502829,0.8117708028297088,0.8212209302325582,0.8146367226241398,0.8201884452348369,4.68214
356,relu,20,50,0.0001,0.001,0.7868217054263565,0.8072232085280513,0.7994602235891234,0.7602087603840759,0.7868217054263565,0.7675003859376852,0.778151466260852,3.0404
357,relu,20,50,0.001,0.1,0.5794573643410853,0.28972868217054265,0.33577083708911726,0.5,0.5794573643410853,0.36687116564417177,0.42517239739382695,1.23351
358,relu,20,50,0.001,0.01,0.7882751937984496,0.8162903879951331,0.8063670794675822,0.7591722793335696,0.7882751937984496,0.7667505308423888,0.7780106416072818,5.32585
359,relu,20,50,0.001,0.001,0.7996608527131783,0.7949081976236378,0.8033345266472556,0.8001180971903272,0.7996608527131783,0.7965183136772105,0.8005368431267132,2.94196
360,relu,50,5,0.0001,0.1,0.5794573643410853,0.28972868217054265,0.33577083708911726,0.5,0.5794573643410853,0.36687116564417177,0.42517239739382695,0.70404
361,relu,50,5,0.0001,0.01,0.5794573643410853,0.28972868217054265,0.33577083708911726,0.5,0.5794573643410853,0.36687116564417177,0.42517239739382695,0.72613
362,relu,50,5,0.0001,0.001,0.780281007751938,0.7852727557338788,0.8002937955327466,0.7918474407780158,0.780281007751938,0.7796608523693178,0.7815184867574404,1.76398
363,relu,50,5,0.001,0.1,0.5794573643410853,0.28972868217054265,0.33577083708911726,0.5,0.5794573643410853,0.36687116564417177,0.42517239739382695,0.67015
364,relu,50,5,0.001,0.01,0.5794573643410853,0.28972868217054265,0.33577083708911726,0.5,0.5794573643410853,0.36687116564417177,0.42517239739382695,0.72945
365,relu,50,5,0.001,0.001,0.7999031007751938,0.8280276977414258,0.8178231979572177,0.7719703157992078,0.7999031007751938,0.7803372639564607,0.7907554368079939,2.97283
366,relu,50,10,0.0001,0.1,0.5794573643410853,0.28972868217054265,0.33577083708911726,0.5,0.5794573643410853,0.36687116564417177,0.42517239739382695,0.68066
367,relu,50,10,0.0001,0.01,0.7846414728682171,0.8159260151807485,0.8052259840248461,0.7541411078402663,0.7846414728682171,0.7614542107505746,0.77327304831792,1.70781
368,relu,50,10,0.0001,0.001,0.7919089147286822,0.8039292578732538,0.798748347818826,0.7694166807946612,0.7919089147286822,0.7763436074750687,0.7857199541769699,2.53053
369,relu,50,10,0.001,0.1,0.5794573643410853,0.28972868217054265,0.33577083708911726,0.5,0.5794573643410853,0.36687116564417177,0.42517239739382695,0.70402
370,relu,50,10,0.001,0.01,0.8023255813953488,0.8255522524271184,0.8166730588392158,0.77627229012222,0.8023255813953488,0.7845405093122664,0.7943777835841905,3.77113
371,relu,50,10,0.001,0.001,0.751453488372093,0.8026435708757695,0.7881940467267111,0.7120759675107502,0.751453488372093,0.7142208610847134,0.7306132124273449,2.76554
372,relu,50,20,0.0001,0.1,0.7984496124031008,0.8129660294428277,0.8068459975803207,0.7754554351679176,0.7984496124031008,0.782862498346731,0.7921076582210336,3.45561
373,relu,50,20,0.0001,0.01,0.8015988372093024,0.7962900853734818,0.802232988452489,0.797840921350739,0.8015988372093024,0.797004853212085,0.8018577574023822,1.72372
374,relu,50,20,0.0001,0.001,0.7996608527131783,0.8110920240443191,0.8060183783114176,0.7782383289921859,0.7996608527131783,0.7853176618258391,0.7941359685007169,1.71877
375,relu,50,20,0.001,0.1,0.5794573643410853,0.28972868217054265,0.33577083708911726,0.5,0.5794573643410853,0.36687116564417177,0.42517239739382695,0.73956
376,relu,50,20,0.001,0.01,0.5794573643410853,0.28972868217054265,0.33577083708911726,0.5,0.5794573643410853,0.36687116564417177,0.42517239739382695,0.81547
377,relu,50,20,0.001,0.001,0.7684108527131783,0.8126874976532448,0.7992653723849067,0.7326321994975571,0.7684108527131783,0.7378226453872382,0.7520537546112216,2.51908
378,relu,50,50,0.0001,0.1,0.5794573643410853,0.28972868217054265,0.33577083708911726,0.5,0.5794573643410853,0.36687116564417177,0.42517239739382695,1.28751
379,relu,50,50,0.0001,0.01,0.8185562015503876,0.8256478545938071,0.8220527043646857,0.8012566851101213,0.8185562015503876,0.8078360278733822,0.81504878062427,7.88618
380,relu,50,50,0.0001,0.001,0.625,0.7154792783694794,0.7448626479785777,0.6681276297335204,0.625,0.6144769976458891,0.604355165469501,4.59343
381,relu,50,50,0.001,0.1,0.5794573643410853,0.28972868217054265,0.33577083708911726,0.5,0.5794573643410853,0.36687116564417177,0.42517239739382695,1.42301
382,relu,50,50,0.001,0.01,0.814922480620155,0.810064048081593,0.8177254224693256,0.814866760168303,0.814922480620155,0.8117486161357239,0.8156330472957741,5.22471
383,relu,50,50,0.001,0.001,0.8054748062015504,0.8067998406543228,0.8060333304241477,0.7909959080190496,0.8054748062015504,0.7958796280074847,0.8029125183933027,4.59894
